HashFunction,HashOwner,HashApp,SampleCount,AverageAllocatedMb,AverageAllocatedMb_pct1,AverageAllocatedMb_pct5,AverageAllocatedMb_pct25,AverageAllocatedMb_pct50,AverageAllocatedMb_pct75,AverageAllocatedMb_pct95,AverageAllocatedMb_pct99,AverageAllocatedMb_pct100
c9aaf0ff618d863501313183fff2869f281b455d6f1cf9411551778f633305cc,69b740be626511ff3846701a11c44097a0d7163f0411238ddbb574dd5d87873b,9fdfb64b56eccc6aac47f68f429d6f0cdd34880329637873c08f9f7d4adf53c7,22209,9.416666666666666,7.833333333333333,8.25,8.75,9.75,9.916666666666666,10.416666666666666,10.583333333333334,10.666666666666666
17e24635362b4c186cf01870bb683dd597f90f195634e4b99c5e47d46e2c82b9,69b740be626511ff3846701a11c44097a0d7163f0411238ddbb574dd5d87873b,9fdfb64b56eccc6aac47f68f429d6f0cdd34880329637873c08f9f7d4adf53c7,22209,9.416666666666666,7.833333333333333,8.25,8.75,9.75,9.916666666666666,10.416666666666666,10.583333333333334,10.666666666666666
1948876d67f73860a97e6a6f57dad339f21f0188ff3eff1bf6f3df7f37606e71,98f3fe1d01789fc2d8ab1dc9cd9a31d51fcbf1936e36a47526280c95ec0cd944,3f9fb0df8cc1017c171a7f07afd0fd8ca810f9a6f422a0872c1d3c471eb080b6,70035,22.77777777777778,20.444444444444443,21.11111111111111,22.22222222222222,22.88888888888889,23.55555555555556,24.11111111111111,24.11111111111111,42.11111111111112
28bff1b3e5bb814eb4f8b4780e8c9ac09e97194e27899c167697aac614b61c35,98f3fe1d01789fc2d8ab1dc9cd9a31d51fcbf1936e36a47526280c95ec0cd944,3f9fb0df8cc1017c171a7f07afd0fd8ca810f9a6f422a0872c1d3c471eb080b6,70035,22.77777777777778,20.444444444444443,21.11111111111111,22.22222222222222,22.88888888888889,23.55555555555556,24.11111111111111,24.11111111111111,42.11111111111112
6036fc9c2124e4811749c8dd47e88a3466b0a91937bdb6ceba57eccea61278a7,05adaa46797bfe5f970486cea2a55eda78fd8c4fbf1021b9956cf2a34af24dd2,abd34a56f9444d1b5e540d8721e3473777bb0e36ff95d2ee1e1f1da3b01e7a46,71024,9.714285714285714,5.333333333333333,5.9523809523809526,9.80952380952381,10.095238095238097,10.285714285714286,10.571428571428571,10.80952380952381,12.0
08dac77bad1f97f6df44cb488e8105e41fd184d96f8ab172fb7781c4c10e92a2,104f438d72947b49216b97034e44c8f80e90b58c41c08afdad10f25a6eb1af7d,1e18e8b08faaf44ca6c460f5acf6fc09137626ee11f55077aa2ed356b9ab69bc,20680,11.8,11.266666666666667,11.466666666666669,11.6,11.733333333333333,11.866666666666667,12.466666666666669,13.533333333333331,19.6
195ce3553f9b5e8722723971b0ef36011a00ead3700259fa617b40e2b5310d35,aed35d9eaca0c29fbf4ed410c158c3c3f17c5427089550e4fe5646ff06021d45,d7b52bfcb61c7bc702e6488c3cb1bea8aab220efbe3d869d85a96eb1bf72b5b3,696,15.25,12.875,14.75,14.875,14.875,15.875,15.875,16.25,16.25
55ff4303d636bcb16b9dcda23decf2e6ba1c2747c33bd4379d4d5138a07f0fee,95c9f130e0142198cc5cb032272d5cbb66bcfb50c42cecbb15bbde1c79da166b,37e3891e4ffea199c2fd00b7dda0e9a322ae369744062d5067eed8e1167be474,21550,182.0,163.0,172.0,179.0,182.0,187.0,190.0,196.0,231.0
a5d33b46a81e47ea1a1d11902ab5b2ac8b7226ca42cbb1289c12399ac1b692df,1d8f49968255694029ff70bc55c8e05f814ae9c429f39220d0781120dc23158b,2122e1e4f9121ab7cf4b0860d6429a4c68d9d4ea8e2ab36036965c51bc0a6297,83607,126.0,120.0,120.0,120.0,123.0,125.0,147.0,147.0,148.0
0f85cc243d5cee3b571848f69c4c7ab53031f5b82977d98c96d9561d997f1d9d,2191cbde942236f91a98221d7671e243ca1c330213b508f2446160091a232d6f,82b99c754147e3e56b847d714e4724da69f7e3650ad6e435e0e3a2e628ca3101,7789,145.0,109.0,121.0,128.0,145.0,155.0,172.0,228.0,276.0
63a0e5f057df6a21211ea88551917ff4e85fc5c169955042d865a45c73191c6f,0ac21ccbe99b64e51c4105383194f21b0059d08576db078c017529313b999bc1,251db6b2bc414aad2ec8eac970aa9b09bd6464cce3ada92caa59a16d3f99ee5e,21170,115.0,105.0,106.0,112.0,114.0,117.0,127.0,139.0,140.0
50c299e17d4efc49801309706c558c57a6e5f94938a4aedfead15048c10f668f,b94dc9583d23949aa9cc4677230fbcc06a3b88a54b85e50acad41115e71fd4d1,d9c4c461d3175532b74070e6aa9e936b17f4cbe0397b1862479916ba781e3000,17236,139.0,116.0,117.0,127.0,138.0,150.0,172.0,175.0,178.0
ae6a959bddb2bd3410ddc58f61efc435847caff06a14764125a8ba3d696bef40,ae1d872de9a0147582179103a2dff79abae82c97b955d64141b26c51ef3dfe26,b705f5f15adc7ea7eb126ffd52dbd8740d045cc5c51ec10f8053210bfe144699,43753,159.0,107.0,130.0,148.0,156.0,169.0,199.0,229.0,251.0
79b7bab08d73f23f5cec9c7fdf2d6f670e0890caf4f1c340176622c89c82dc72,b94dc9583d23949aa9cc4677230fbcc06a3b88a54b85e50acad41115e71fd4d1,1cc11dab39ffe90b428c24db5f16a2c87e12e898ec2f936b1b5387a74364e9af,263,114.0,70.0,114.0,114.0,114.0,114.0,127.0,133.0,133.0
df5ec2b44d8a2758c8e23882cd0d3005d53939c25bf8291405002c757a241077,b24880a48525d2b8391ecf9d21e7aa4ec465b89ae8c078fde2a12f56f2acf048,8bfcfad589fc6438a08130bd1b2291aca389320b606875340312062f8d5d18a7,69994,32.0,29.75,30.0,31.25,31.75,32.75,34.0,34.25,40.0
9ef148d5845f7a643b16aed7751849ed1d381e24d4cee43eeb4e512e71e77023,9e6f39dfabaf8a1f9c0f54bd3d295de66a03aaa22f30995b2785968a321ab54b,928da3cc7a0fcbb21600342caf31c8cbb7dbc10d90ba49b8313aaaba88e5f8ed,16064,14.0,8.833333333333334,9.083333333333334,9.416666666666666,11.083333333333334,18.666666666666668,22.58333333333333,29.83333333333333,29.83333333333333
8880f17670922c55cd1f7a81a02d8b7208caf5cb0ebe3a3a9c13c4b5b02248ca,7f6f8430fe7b3c58cd55cb11b427b6469b68b7b54795c983ec578bc372340b97,93c8a0e4d748563b7619fe699f1b3413968532ed9c266a150845eab195186fdc,4637,42.2,23.0,33.2,35.0,39.6,46.8,64.0,70.4,71.2
135e9a83d1cc87af48ad51f10cae2eb173f07946b0a5b82edfe62247db310dc3,7a11042a814fe34b1020b3c78b344edd953c11379e935a299ab4ea1d1c3e0d53,d057510c185c21d8f9f8d70662a8fd0c9c9c67b3a056edc553cea4a91f5cbb01,718,182.0,163.0,172.0,172.0,186.0,188.0,188.0,189.0,218.0
04bc3c74f468052ef762ba61649663e7224dd0939d5ba00a3aba396df0518e28,3c467e4a097e5acf239f1da59e96977aec509ce3e6f7682e2554b251b24a8bc3,ed9bbd13902b5dbb0045749f3d2f4043b57686cb17e851f879f849c43d190116,37001,19.545454545454547,17.09090909090909,18.181818181818183,19.0,19.63636363636364,20.181818181818183,21.272727272727277,22.90909090909091,29.545454545454547
c84288c9a80e5994c04e6acfe3df734cc574a0c6ed6a7508e90cdf2ac66a09a8,b00476764f3dc9e5c2d743ea09907ff4619b8bc9ee2d263825c52ef45bee9ec1,30d2b1ce317cb0946366cf981c1bad6206941dda1f8cec0a0b1481ad6707817c,21271,39.333333333333336,35.666666666666664,36.0,39.0,39.333333333333336,39.66666666666666,44.0,46.66666666666666,47.66666666666666
b33ee682e625ae6613fe3f19977ac466fe4d31665d0fb56464de98fdb11e1365,23585e5c9ad9d7de0016aee0cae0ef9339aa943e635a0d61af082dbfe4688c40,d3d3580600762aaf9834242fd64230a154daaa5a6fe3d2d2e9175e35eb55a204,17447,26.0,22.5,24.75,25.5,26.25,26.75,27.5,27.75,28.0
a0d8b1fef490b1a175625a82655c781b48b16d84187ad40ab3e3548f8907ccd7,cd770b1e76cbec79fe7a4841282863dee5c6de06fdee0048caeb106d2274f0c6,419d4dc61cbd955cc6bae484c886b172f2174923af9c15cdd5e599061816d2a9,12741,190.0,160.0,167.0,173.0,193.0,204.0,213.0,220.0,238.0
9b4073d8aafe394ff5ae5c152d0043f3d7e230b2f70b490992b1e09577d58aa8,52fbc222ba1ecd0e92d3edbced7445bb4d5d6b0c64ab3f4d9339677e0eddad4e,524bd4d61ff40f572d4c6cbfe33b1d273b850edb8c559d89e082e2ef8a61b423,17253,129.0,129.0,129.0,129.0,129.0,129.0,129.0,129.0,129.0
b617d7aa046e850f28362a464326f45b11648be85b276067a8fe7ad36d034c78,8518877f61a76972de960096d3b83343c38de03de6d9a90bbff87ad536a0cb44,71f79ac01b1472f592f706163064c47aa45212be91760bc22c1ae304847f8a92,17449,93.5,90.5,90.5,91.5,95.0,95.0,95.0,98.0,129.0
a284cd6a0df8dba5ccce5ec4f43076f88338ff4e2e08aa91465aee3d6979d257,4dba6bf660052d588ed0f5a65655e8686efc6674ab1cf8cd67570f3c5d09f167,9c319cd4be9747090ba7ffa670f18ee294bc7b7a81eac3ca7a4ad8e74b92721c,26319,18.33333333333333,15.0,16.333333333333332,17.333333333333332,18.5,19.33333333333333,20.666666666666668,21.0,21.166666666666668
d5defab1742679c1f7389b8db3ffbb89e0775146123465df84a85620d99176bb,317957d8c7db57009e8f69874110fd3054652affcb4727f1a908a88fff40351a,885a3107838743b44726708499fc477b796db272e2653d365e65f46c25519a89,249,183.0,169.0,182.0,183.0,183.0,184.0,187.0,191.0,191.0
85e6db38e2c052abc9eaa53d7ae1cfbb2d745be407c392629927e35f3af91680,da0cd5783c23e813e7ce92539e731904a619dc1c6a9457e5b0949e875ce1d618,cfc1e42003c3762381d1d74243ba395b51dad7c67d488fb927cf9157a5f15bdb,17235,146.0,146.0,146.0,146.0,147.0,148.0,148.0,148.0,148.0
bb68789968acca204f82d10b282478d60359c76e3c7b388ef7e2ad4e5c031e66,687a165fc8d2036e6289b10684dd6e19c11caf1002a0d029fb1e9208f0538da0,55bc0273ddbba399598e0bc7a9f7e1f24500f806dbc534250b817b40d5188c37,8721,21.8,12.8,18.4,21.2,22.2,23.2,24.0,25.0,25.4
d80dbcc8bc43cccba57d2f84e1930e6d98f3810684f92c3e7c8eb3c9160eb429,76f490d2e67f7f36b0898eca8505c475d271ca7934bcb468faff7106a984dd68,5c85add065cc6ced3898f704f20eca4e45045c94bd3eee9d0a0787838da03b67,21041,92.0,80.0,86.5,88.5,90.5,94.0,107.5,109.5,133.0
e5f1fe51782a94c425dc43c79dd076dfa63048bb0219219bf1cdbcd37e9908c4,ffb935126571458ab91920ec4fee027242750243756ee0cb40b7c54db9ba4dee,b8db61a061cff7d2dfd47317326a3b7f96a2d7c6fa7009bf33c4249a54e40a27,875,59.0,53.0,56.5,57.5,57.5,64.0,64.0,64.0,64.5
6f4953736ed44425ee762d6794470c829a1dfe1157193fd6490a089faf179219,5c0f89b8f3ad65d7a94183827dfc16b4e9689aec3c712ecb8344374a4e24c2e6,ff74b5b8c7ad442d939af07ef95b1173bbb8368a942594831ed39a7591b34eac,14802,52.5,42.5,45.5,51.0,53.0,54.0,58.0,84.0,95.5
f5373cb2d55c365abb55e3eb6724639bcd3df2102ace93421561babdbc4896bc,7e2531c7692e69c8aa1802fdcbcf81bc2db18c88af29acc9c81767294084269d,48cd56d447054a5049b85d6d7a02bde3bab3bfda3061e4a941f45778bbb96bcc,23091,26.6,21.8,22.4,24.0,26.0,28.6,30.0,50.6,51.8
e3a5f375e1f9cf49ca2bb96e4a9052d81ac28573f5011768b964b88ffd4af021,325305b32853db5ee64314819ea00a81fedac03faf60c0cc3e57dbafd8dfe51d,099303aeffd72b398685be0b0599aa6e79a83c262c96b2fe7f3a7cbc13a66b4b,6041,117.0,103.0,111.0,113.0,114.0,125.0,131.0,141.0,143.0
9bbca89af98d98704964f8422a8a85d6be4e12396f050ecde510c416ab3139b2,b2c18e937546a5a3cad083e18fcb21b64ee6100d79bbf9039a7fcd371e177aae,172c81d88259f07f9b8219cb9e0323e943eb15ee796dadd87056e25cde0fe4d6,17233,116.0,114.0,114.0,116.0,116.0,118.0,118.0,119.0,126.0
82ee1b8ecbf45e41d309c8062b68ac9b5140788eb5fd01d930065e64bd1c5c92,4bb2dfd336e20189a246730effc0a718217c26aa3a37b93281d5c159e5a3d281,5a47f56b256643cc847526b4bffd69b4e88e1bda58da2f72d3950bf8ac2558a7,6367,117.0,97.0,107.0,107.0,109.0,131.0,141.0,141.0,143.0
bc8aa956e8fc00b73af014fff2710abf06de1ef0a1c3c3502221d807ae3c9b29,b119861200c718db9fa39a5db828f57c497ff3821abd6ef9d8da1248a40e4bd1,4246a05b9ffbe7e2b4bbefdd93d3d47bd753d3418504877f6ed799006a2d5b88,21341,174.0,82.0,98.0,178.0,182.0,185.0,189.0,205.0,274.0
e453fff5ffe0cc9feebcace85d9bfb2a486c21e3c30a3feb9afa788f24abe25b,9600d8ea0d18856a6f1fa5672306ef55afac8b5e32e956579ab0f1a8c347bf4b,7dfa1086895b9fac377300edbf89a8001a6a631329e126a4661f17f899dbd1c4,1958,16.875,13.875,14.625,15.625,17.125,17.875,18.875,18.875,18.875
b53eaa89d8ca6ff14625931a5fa8422792459407705f9ed606355001100381d8,8ee590da13bc4e25d3f2b1546e4bbd680764c2dbd3b6a6be36ad1a4392384f51,b1ac4d2252692ed01d7d41130e2e151780ad9d2a64c12f6ed76dc1af1bdf3f0d,6374,113.0,98.0,105.0,110.0,114.0,117.0,124.0,131.0,133.0
08fb4690139083f487bdd49d199886adc9dfefcdaa557df433d2c1b8595fe361,88c13bca409198e1183406a0d979462f98489bc2d208cca1b92de278a28e596f,33d31a26341d9164242921d33415e8b1257e4755b396c39b5fe9a135d8272325,69092,36.2,22.8,22.8,23.0,39.8,40.4,43.0,43.0,43.2
a303f9f4c90ab3d7fe6d56d467aa570ba44e75196bb2905ce6aaf67f0f22b2cf,88c13bca409198e1183406a0d979462f98489bc2d208cca1b92de278a28e596f,e1c4f54d7bbb5db7d6948cfdd0999be814119177c1e86efd543f9f19ca3cb0fb,17250,45.0,45.0,45.0,45.0,45.0,45.0,45.333333333333336,45.333333333333336,45.333333333333336
0f2f317c2c78b70c6f7669cb9f36ac897190971e676a0fb91298175cf259ca6d,332ca41249b0783c8a656c4fef31846d0ca7298ff9c15ae597d85c9a5dd843f1,b373b2609dbcb55bd8b71049a80704de45b2dce87f5fb0c91c47823e1f38f8cc,3266,29.0,26.0,28.5,28.5,29.0,29.75,30.5,30.75,30.75
b812ad794c58eaa6318e8194932f536ea0c3d436a446086fa3e32da62a62929b,5f56832bf9a9db4b9279e658f23f002a000c483993ea0de17f215a92843752de,5815bd9ec8c0c23442b7810e58329805c675b6dd0b5a19c62d52a48d25f27dad,17251,92.0,92.0,92.0,92.0,92.0,92.0,92.0,92.0,92.0
cd3c172a7ad9f3c00c7bd55a78b71de9a24f7ec5675c12a000296d6c1974d616,e931e27b09cec31477ca3116a6e557d8c8209c6220b5ce7c01255c586804cd48,5b40d67921a383a82f5a5534c954fd0e8ea0a98c77a5b817e325a04de3ae2e68,12464,183.0,98.0,153.0,179.0,181.0,185.0,211.0,212.0,246.0
891e9f8d77fc63913b8af9965a8fb0cd92ca1d68f63866d2443c22ba1393d3b4,66f9ba1e9ad2369f367532e403efc47c55d6881b0442e925fd0da614f4794390,40c3dbed74601af1ec8c4c7e7b6cafb70d6a510c46431ef8cfc4948d8a19f1b8,6524,184.0,153.0,169.0,170.0,175.0,201.0,206.0,223.0,261.0
88d654730a97603fae681a725340e27da847998ea6f6e80a0931189053b461db,f35a42d3ef76a32d87732719fd51b9b5439cc586621e6f8aeef632c76433963a,c2dbb9a6a3e5201541c5d33396f3fe3bfbf23a1f078c32d3082164410608cf87,17250,40.333333333333336,40.333333333333336,40.333333333333336,40.333333333333336,40.333333333333336,40.333333333333336,40.333333333333336,40.333333333333336,40.5
3193dd03b9015dd8fd94f7ad7f7bd467967f1769e632469d347ab4235d4aa731,745620a2af2bad258f841e489174799b9de15b31f2cfc405abd3b61d7bbe12fa,2f579124cd5910e39c06a385d4ed2446914cf1cbdce67091b13d7727604dc2d5,267,201.0,186.0,192.0,196.0,202.0,206.0,210.0,225.0,225.0
e7a84d631a66c6240b508c25b6c537a4f77f6cf14999bc5e43d8bffdba4ac94b,2f5e4185ca1ece5c869dc335cb66452bed51fb191c0da3a0a3ae00eae6c2ccd7,ad3cf53f15a59161870b407c81c754a650b560562c9279a68ebd10a73372b8c7,27775,24.4,22.0,22.6,23.4,24.6,25.4,27.2,27.6,28.4
308574f8cff73dff7f4a29a051ac69716c00e7a12e9edd47badaebe0748a13db,86ed71778a270c9c9a89462bea70fce8a2a98264e5a1ebedc46da1989ab83ef5,6e010af2a1e934d7eba1958abd9f02b13e380c6bcc3c68cf3e65c7ce093e5f23,17253,96.0,96.0,96.0,96.5,96.5,96.5,97.0,97.0,97.0
1fe2ae5b19abe93ba79709a97f7e4b3db8d1d2c823bb9b814c8774569f4c88a9,931615ab98b8c3ea27355210460882eef464e061a201ec90f508e60f4d300549,339da3fda5da09c5d1361c47ad291183dbf4e53bbd01bd7af314b18438a48578,6337,190.0,157.0,169.0,177.0,181.0,206.0,212.0,227.0,251.0
f10e713de291d542f8f22677c033b08c9a0ff0362db1a571340f0219e9b57773,c927d8a8e08a60ad2fc1d915942c3cc670ea5724ea6a7dc7b7827b60a70df67e,d3317a43fc77b4765950b54f29147cdb750db9e46479321b375cd545753e0237,1324,39.6,34.2,35.4,36.8,41.6,41.6,41.8,46.6,54.4
9bc6985d6db85c0f5ce432a110eee9f4b8258f9b37bd9b78b2d78717f2fd515e,514a6752b3c153d91edf35e12981661d32e2e3a169c419e6925b423d4e48f652,d9dea05eed6bb142843c87b319757989eb80e5166b4aa24eab08258147f40071,270,196.0,191.0,197.0,197.0,197.0,197.0,197.0,205.0,205.0
5b170dede32447546c12c78e7b47458cee7da156ec85395f54a9e9aecf4389a3,6d7ac22f2def84377bd7087177d96ef81890e699e4ff4ecb18c55f31c44bc39a,c88d3af60604bfa51a5bb764dad86eafa19b5f69af159d98f9788b2190e29fc5,20753,18.0,15.25,16.0,18.08333333333333,18.25,18.5,18.75,19.0,19.5
fc119a808c9e9c3fe0ac3382085728c00affd3f424fad8eab6598115ef5e3ea9,09390ede2fb563deae303a4c69726022b73623942d2bda0f0f0711810b7da647,811f210e7d9bc00103428624494d64111057d5d3e64d2005060fff054befdb9b,68887,133.0,38.0,38.0,68.75,86.75,233.75,238.0,246.0,289.0
09815ea38aea8225c1ac26405ef65847d9bf6afc8d0b40ee8fd983ba8ff27ba3,43699f5bacf6e4c792918174e8bee37d3a3649d9a2cc29331a55d8bfa91d55e4,60e91733db6587da92973ba3499085c1e23d28419cbaa4cef6a8d24feb8acb20,18721,44.0,21.25,24.25,43.75,45.0,50.0,52.0,52.25,71.75
d0da06a9fc18174e975e2b8c4ad8e4562df4ad5d58ade1dadaafe60ba169c61a,7dd04ba7a5f34e56b43aad2ae04d825f7c3860ca7732884aed70dc0e23ec6cf5,c84b573bccec0a7bffcd43cf75afa6ad2cd8a9dc7efb04b40cccbb73518dec7b,17255,65.0,65.0,65.0,65.0,65.0,65.0,65.0,65.0,65.0
7fb4b29f2cbe9e321fac447817d71a3957d6c350b160f6b9173856b88fb0d074,c5e240c9a61cd9dfa514de6bef5e8667597f228dea9766bd44ecf17864c4fb63,b852c094d05e5312d4e440840c7e4bb851e497c2803379f631030464810992de,6393,189.0,158.0,165.0,175.0,191.0,202.0,212.0,222.0,239.0
fbca118f2bf3d794000445c09ee7787013c8005a7e1de3ec029f3b93dca98da5,33ae6f18f6169bd6be5105372a5827009a784147dd02815a50091d7f77217eb5,bf0c09b3b5a121524f8c3cf1a5a27bcde061f6d3acf51105e7b1d691a84c1214,22428,19.1,17.9,18.2,18.9,19.2,19.4,19.9,21.8,24.2
6e1a26e2111f2f09351b29e85ccc0f58d8fb84292140830caa2c69ca2df8029e,d058802bb738328e826d44f3109c9dc525cae4c8b69d9b4f43b6a3ff26920470,7a28ed45ffd3235e4f95c4cd223331a9f183f4efd7dd5708a6b8c6390d463b47,34996,6.15,4.9,5.1,5.85,6.25,6.7,7.05,7.35,7.7
3c726bc534cc1b34f1e9bc476e44454cec6b1bcc4b5be80544061612eea6ed7a,d058802bb738328e826d44f3109c9dc525cae4c8b69d9b4f43b6a3ff26920470,4b7630d7a639c013b786db83ea05cbd33b3b25567a6806d2df147b9f99c21662,22854,16.428571428571427,13.142857142857142,13.857142857142858,15.857142857142858,16.571428571428573,17.857142857142858,18.428571428571427,20.0,21.428571428571427
055d6cf0721c484f8c79eda8de917fe2625ec7e3714507fdf75a947bf1ed5701,478a257002d156d61f41c587c3b1c718770349b8989324cb03d077134565d53d,66f3d3574a69ac854ff1718c881b8066298f87f6330d8a3d47db70b368b1e13d,2352,192.0,98.0,105.0,186.0,196.0,222.0,226.0,232.0,271.0
e85b136ca86a6edaf754df1ab6f7e28e72a9564d9c4bb39836c59aaf0e2d7f04,f3a0ec60a8679bcb21ee39e1ae6fb10f7bc6389fb96d46767e60f19e8b63f501,d9005c52f21065649d52a279860b9e6400afff775d2ddaced535934662924961,13610,19.714285714285715,17.142857142857142,17.571428571428573,18.857142857142858,19.571428571428573,20.857142857142858,22.857142857142858,23.428571428571427,23.571428571428573
18dc957da9a2769573dc0fdc984fc1b8d442b7954da956fa8792e5794dff0663,be700afb491ee2bfd5ee995e52b93bca39badc38c6f42effda05c30d9c14b512,cea8aa8560fefdcfb5b545589b7d231ebcb0f20ced5a85b784563975b8177935,18638,56.0,43.5,48.0,51.5,56.0,57.0,81.5,86.0,86.0
a0ce69c90441d0b4918c345f08aa4c3e5a4a16dc192f9501e35b1f13ea54a37b,f0417cb85bd1c751561867f042b6623bc7885e27669a11bc7f9a64dd7d3e4eb9,7d3abaf53878e7d482b299ba12aa7ddea41cf9c509f13f1f95be01b670795da0,21380,6.333333333333333,5.305555555555555,5.722222222222222,6.0,6.166666666666667,6.555555555555555,6.916666666666667,9.0,9.02777777777778
f27c4b699b414f7a9bda46f84a7e976ba68fa31daa8610f4071ddd325e481a23,f0417cb85bd1c751561867f042b6623bc7885e27669a11bc7f9a64dd7d3e4eb9,408d8f6d7e04ed313c221161682fa359001e6ac9eedd9a59165b3fd9939381d9,17938,5.1063829787234045,4.531914893617022,4.723404255319149,5.042553191489362,5.0638297872340425,5.23404255319149,5.361702127659575,5.382978723404255,6.25531914893617
6513d9569810de231ad84916254234be1c67df912b3143969e446864409df260,f0417cb85bd1c751561867f042b6623bc7885e27669a11bc7f9a64dd7d3e4eb9,4e740b854138d6b46a963cc9bca494ffbae65c8c8a727932a12cec3b4bfa5cb7,21349,6.051282051282051,5.102564102564102,5.410256410256411,5.897435897435898,6.128205128205129,6.230769230769231,6.615384615384615,6.743589743589744,9.897435897435898
6f9165a89bf7ef975f432248be61dc88b7555b786fcefff9e8c4fad07ece59f7,4211718424e3957f31f8f0fbee8b2f1ae6b0a2ef388406e0541ad9bf236b5129,ecb1426270a022dae8ccc49aa9c14602383c82cc8251ed1c7a36aa9eeb7e64cf,7021,148.0,123.0,130.0,139.0,148.0,158.0,169.0,172.0,174.0
a5c61809fa225276122c951f3a9a50d2b3f58b944963e23ddcb149b436a1ef80,e405f7b30e23cd40c27bc60c166097277a3b8b378b5659a818db25fc64fcca55,87090814a0712cadbd15868f11cbeb0198e32c16f2158ac8686cf1549f7ebd06,22606,26.0,22.25,23.0,25.25,25.75,28.25,29.25,29.5,29.5
6f9469c021c83ce0226bf354dcf1270e0b79c3384251d2857cf5ef32d4fa8147,b406772ce79ade20251ee28228504d03d09fc8f7a72b608c20ca34f622d6e470,49c5b7e4b8553627d15ed998b2b5d23f93cc89c7d9eb8738cb1563ea226e5b2a,25954,21.166666666666668,15.333333333333334,18.33333333333333,20.5,21.0,22.33333333333333,23.666666666666668,24.5,25.5
52dd9c592fe09a763bf140f583363344dc81173280ddb7cd64a0004ac71b031c,0fc9b5586481a393bfcc8286478ccaa5623cae73d3953191e58e88c59a7636e1,1201d8e1c651176bd8b5e83eac73976b022d04fc4cfb5268f8c38d9ddf35cde6,17251,117.0,117.0,117.0,117.0,117.0,117.0,117.0,117.0,117.0
3070aa26397db1c01c9f8b5a669bb62fbfa71f9f5b93d94185606cfe3a6951f5,af16f8478536cdd6dac4f08619065168c8ead92852fd07f099674cb63cff11e4,5a577bbd7358594c18416bad18d2eb7c72f0af7a1c8b3e8ea1b5dec32f5dc589,18720,125.0,108.0,114.0,125.0,127.0,127.0,128.0,159.0,162.0
b2fed85d92f40a6e41f7418561548deb289f2a29121872f914c49f1e1b209d76,abff8e50c901c7482a56781f7cb062caf0fbea8bba38e4c202ae3e29b3bb82ac,d17687a39cde60d2838ee48023ceb20885d8feb2be2e3c66f9f751b2eb8eee60,12762,58.5,51.0,56.0,57.0,57.5,58.5,66.0,73.0,73.5
22081deb9dc07b001ac3bce1cc7c9f95e0eee17cdf67d07b3a4672db2484058e,97f416a6be7085e714dc8fdac7e144b78d21781379b1402ea229537641eb69ad,e37b8e2be8d7bd9c143662432d2700b6c6364d576c1931dd6f07c8ac007b63c8,521,175.0,132.0,172.0,172.0,174.0,176.0,198.0,215.0,215.0
d74a19fd588b66286fcf9d8aaa7b274472441a8774223ddf9c9a6276282f5310,31f359484038ef57f38050f39a1df0c2a9479db67bf1e1ee11d33ab9e8356d00,a1598578e5e0583bd9e48844f0b4f12e51f2a0e53cb303dd34405eea1c7f6c41,18656,125.0,75.0,85.0,122.0,125.0,131.0,148.0,160.0,171.0
758879d575cad29654c9bc2b4bd80954a98e218d518fa51650d3afe31a491553,25f90d0cec69387fde8cb8163dafc78908da4cbe75c09140d66fb87c602a3b39,a8f42a5c10062f7b0bf20375cf07a957cff1145b54a1545ec630268c3be65d34,20104,44.0,33.75,34.5,42.5,46.5,47.5,49.0,50.5,50.5
9c9e6b50fe3a4cd0fad2bd44a0b01d6775f0f766b68f756663ed677c7fa6ec70,b87c0bfd8b198339a6b5cec582e462249b6f056356ee09f164956f03b2f559b5,fa2d60fe7e31a5077b0d44d106cb20bf6e69631e7cd4e65138439c5e595f77e2,33199,23.33333333333333,19.166666666666668,19.5,20.5,22.166666666666668,26.5,27.666666666666668,28.166666666666668,28.83333333333333
d99726aac904a2517958a5ec7b15c6a9e1902be1979cfacd06b37a3d2e3ac4d5,47ff88f3d47ffe726ff5a3413b59bfdb85002b7d17ef04be65264dfe88d08ac1,e73333873e2c956a7d52884a3ce7d7ec8cd62d3d3bd39cddf8fa0cc9324edcdd,8390,249.0,172.0,175.0,209.0,242.0,289.0,349.0,362.0,423.0
d411d5d861aa57ae255b9b2548f7f3ca070153d3590d3b5cada506a138465320,4e7b4a3593d87db480f87c2472fb40b9372769b8be3c8376b5b10a6aec442642,52960facab7e8422335fad57d1c7cc529bbade37cbd79beb3722f443bdf96e0a,146843,69.5,41.75,50.5,61.25,69.0,77.25,91.0,109.25,152.0
ef6feecf46e4070ef1889fe8c835199fb03f003ac94df6e5aca8ca97658670b5,60c690a4e15474205f0569bd804d1e236abfec302abd042e3ef5be1dde37d4b4,3c980cefc93e1ecbe53b0ca2cc408a68675ae75963f6b2e9467aa0049f126af6,17250,165.0,164.0,164.0,164.0,165.0,166.0,167.0,170.0,170.0
033cc40c6267c96c76cdbafc12497e0a8fd2565198e1b50c12296298d6f86510,769dc60cf9d8b93bd2c41d29db1bf96b75bc4338a45489207d1ff910dd141c6d,dd734865704de98cecca26eced114356ccc3f90647254aa4282b9be1dfc63ad6,92341,36.57142857142857,26.285714285714285,30.0,33.42857142857143,36.57142857142857,39.85714285714285,43.285714285714285,44.42857142857143,45.71428571428572
03a4fbc60c6ee4dbbc8ede20acb00720c9e7e9ab7d1cc5afdf55d12c8b4c453e,4c04b2f8e6ef06ede38d4fc5905a711e1e44a1b2d80ae2f4cb6c8c11977d9d23,28d7a5a6c55a579065f08b7ac2faa6febcdbbb494596ecce26a9c82d608f192c,17220,15.0,12.333333333333334,13.916666666666666,14.916666666666666,15.166666666666666,15.333333333333334,16.0,16.75,18.25
176c5763eb7fae00a283deebc6178ef7aa1e4e1ba9f0dd3dc368c6725546e88e,9012b687f520e30c1f5228793ade05199b9a3d4bb8b71a12d848f33220947fcc,7bb5a25b6b847caf0ad231f815d65f98c474d21de4f4ba6b4aa168cd12bd0799,17236,147.0,139.0,147.0,147.0,148.0,148.0,149.0,149.0,149.0
5aa6a996ddcd8adf40e0fa177d52dce2d7cd958b244d16858d041329abd5331c,ad4f4f98ff6afb9472087af30d27300f94f0ed6ea503958b04c896c032eaf49c,c5dd21b2d6107ec6d24e52a763be12606de6dfad0b10b583438ff4abb6713a92,21342,30.0,26.25,26.5,28.0,29.25,33.25,33.75,34.0,35.25
53b62bb5314761a71a3bf91e3d3885fb3205e81ce953dd7922986982d0780c4c,813575fb0e903830c0660231402549aa70c00777d21faab9625c08dc40721814,90aa77859cd77a92b59852ecfd324e4de5d146c895dec0e177c0150c278a1a06,103483,34.75,30.25,30.25,31.0,34.75,35.5,42.25,42.25,42.5
94cb1e4eefa43fcd0c9750821f3eb16149af27ecf271f67fddb25fd437cfe465,70ddf719af7561118daacd9e897f2f1d7c06d311a8029b288fd498759db9cb79,2d91278b6a556d24703527dbd0540b52ece1c530bc76830b1ee15d8b6d5aca1f,17232,32.0,32.0,32.0,32.0,32.0,32.0,32.0,32.5,32.666666666666664
ad35f3c3cfb0881688edb25e25b6b33df74b28e49b47558439ee85d0833abecf,91ce452fd600f697654d1d876c576e6d0aeee1ab234e326b28943e0d6338a176,f5cb5bc77a32924f7324031f75b34ee2c0af9a1caa61dcc5d66605040bfa57d8,10437,108.5,94.5,98.0,105.5,109.0,114.0,116.5,119.5,167.0
2d9e47467e3e3d544e4bac73dc953a40b20e49a541e9e4eeb4ae4bdbda715423,ea2e36d108d59424720db16287450ca2be8940e168eaec8186b7e415e0bdd52a,86fe73acec42c1c4058d26b053af132c29d084a32754a54b8a2d8ccbef14d5b1,61065,37.5,22.33333333333333,22.83333333333333,31.33333333333333,38.5,43.5,47.0,51.833333333333336,51.833333333333336
15fcc9f267a07593c381008efc422e13b7d3959ca4b9c5173149d1b6d21d9ca8,31f520510a8990b85359bd826db7644027fbc43e1fdc1b7533dc679efde4d5eb,b71650bc77d68b3b027da33549009bd89a3791d9b7e47fd9d04a4eeb1f1d4e46,66527,42.9,20.3,26.8,30.1,41.2,51.6,70.2,72.0,91.5
352d36822b5ed562084a8b5a3fcc45517fbf5a323a50fac4cba0bc912d71390f,8be3426fae3b09a5de3e801dec97451eb134950e5de7e1fd91829328648ad085,3516c0ea26a1295975582e1559ecc6ffc43cf258663a3d3227ac467f76fbd822,8379,33.666666666666664,28.0,32.0,32.0,33.0,34.333333333333336,38.0,38.0,38.0
8b99ea79d53c3f4e0bf9a59ec6bbe9597ec26bcaa042360e15e6e66308511972,3a6b3e55ccb13b352b580298dfce0daf7251683c3b4bfeb30719c2d8785ca771,c7185c2bd958acb6a9146c1ba232e86c5c818e8723c6a2d936f08bc22a494de8,500,168.0,122.0,132.0,135.0,136.0,211.0,212.0,213.0,213.0
6a97278ed89442895383484fa6638e7859fd231963f8267f8ed64966736ebdca,fd8a2430aa1d1b6fb9e059ff6268eabf8bbd77e68a6d5f38195a67820149b0ab,510bdcabe7bb327ba834df3801a682279bc67efbad883a9227c4fdf81cebec15,68959,8.533333333333333,7.6,7.733333333333333,8.0,8.533333333333333,9.133333333333333,9.266666666666667,9.466666666666669,9.6
6b8118454cee737e7557224e969cc2f597991a5eafa23afb2141a60915158e4a,fd8a2430aa1d1b6fb9e059ff6268eabf8bbd77e68a6d5f38195a67820149b0ab,751d5ceff79095cfdbc81d18df7f6aff4abaafb602113ebc86d482262badb7c8,43583,22.2,20.0,20.8,21.2,22.4,23.0,26.6,26.8,26.8
b9386d10c889ce4ca90550f25debd35474be8d8ec0dce2cfaf3824a3276ee505,fd8a2430aa1d1b6fb9e059ff6268eabf8bbd77e68a6d5f38195a67820149b0ab,899e52e49d4eac730770abb2372f077a7810d32d0ab6c344515b7cb808c9d802,17246,41.0,41.0,41.0,41.333333333333336,41.333333333333336,41.333333333333336,41.333333333333336,41.66666666666666,41.66666666666666
34922eb762b2854772b2d4d344443fd2a03da1f6969142bee3e75d2915b61dc5,fd8a2430aa1d1b6fb9e059ff6268eabf8bbd77e68a6d5f38195a67820149b0ab,1876fe6440c0f494af9768c495808fa28649c2adee8c498e7f4b744de3642a0f,53746,8.6875,6.875,7.3125,7.625,8.8125,9.75,10.1875,10.375,10.625
a3cacf8afd79649ed4b8ac16332da5391116431b5630b0362ed2cf359f52932d,8878248cc56eeabf182d807a61696177d576dcfa6581a65fcacd9d7611d06ca1,61597f87e0b5914a9efbff138ddef7794de592259b7465e9d6123cdc8907a677,17237,301.0,299.0,299.0,299.0,302.0,303.0,305.0,306.0,306.0
98fd6b2011f67f3c2d93d33b26534d60511254adafc38f7f722929aed31f5ca3,9e83806a710de55256bc56939080c7996a9faa89e2786e96240bf1d343adb405,5a9b81333e0eead13c4531036652c73e8b17892e34e1175b0b060831c6027365,21868,183.0,165.0,171.0,179.0,183.0,186.0,192.0,209.0,392.0
a04949fc6198b1bd3753cd2b232f2bea48e0a726080958b6c898b29da9ec979b,445532124e123cd24f7086bfeaf44ba29bd709de9dae6fca49814089438e0c09,a1fc42106078783d8ce48c3c4121c50461fea2f1e9ec8c776bb088915fe6f4c2,18931,112.0,106.0,107.0,112.0,113.0,114.0,124.0,127.0,131.0
4a373eeb7eb2db2f9c3709bf3e7a9eb4d784a78a9f46cb90b8f12db7785a4104,2c50b8efaf871881e1274c0eef1ca4ef70bc640cfa5104b2e5db0bbb49f53f4f,99e93e07618998f1ae05ea348311c1914d23f9d48513b985eb1b8a7c311054b8,17243,183.0,183.0,183.0,183.0,183.0,183.0,183.0,183.0,183.0
bb5d90eaa304798c9f993c324397bedc99d3dac24b9d408114fc2d62648e136c,6e77238d8804fe3863fb9d68169bd06d604e469d872983a897ed14fb9ea0a605,9b90e42c076ace09821cd0bf877552955e2d061ca2f4eaf6736075842d4113b8,121874,67.0,50.5,57.0,59.0,60.5,70.0,98.5,106.5,118.5
6d4e192d1bc6378da8e19d4b6941dd9b43ef8f28ec2e2a772e392ccf960fba37,69e91617c3634f6bafc78fcfda509bd682604d61b4a6377e6baf5ed491a0530e,564f47e8913e6d2d071ef605dd6e2034d829654993786e8390cc2d5081c1b15f,17254,82.0,77.0,82.0,82.0,82.5,83.0,83.0,83.0,83.0
1912ce079e6307cc8927fa13972c8367e8eb43808a1d829b41fad551522bf7c1,9dea336c05b2bfdac6db9824eca0f52561184cf15245e73f00a6d73498460392,b6d33be973c9bbc1de77525eadc6ce5c3663d5641274db5c060d018f9d708036,17245,109.0,109.0,109.0,109.0,109.0,109.0,109.0,109.0,109.0
a83ddb3654117810f7c750f13fa73343c89adc8d7f8d7a255f316e3137dae490,7ee9d097f16b04a2963f587785841d1fa503d69f5e010979c58cd9ef92b91449,e6156c93e0b0079a6c109506f9e0c62cb80cb534e4c7e1cb427c8c3753022227,17229,95.0,95.0,95.0,95.0,95.0,95.0,95.0,95.0,95.0
b276b3c2688e982702748aed564851814b7f6e8aabf2c3680ed986209e83b54d,baae4e7722b1a45292e1106d1b1e789f7d5a4927300d4478419e3de4bf256132,ce21b125f9faea4ec349946f4af5e5cd21cf0979a7c97d29c96a10b59df4392b,3187,47.66666666666666,36.333333333333336,41.0,46.0,46.333333333333336,51.333333333333336,54.0,54.333333333333336,54.333333333333336
bc3127850401c4869172c8c1f6a09441fe2172c4d473dc69f622ffebb45b9705,dd3b7cdab61b685c2f6e1c760d7c3c93fc5b66f615ff5a551ea70a2cf4d3ba56,944df553ca06f9a9908522bf5ae75f4fce574f4472f3265423d3a563e1e80a67,69197,35.25,28.0,28.25,34.75,36.25,36.5,39.0,40.0,41.0
2201eecd12cb5a0e595acd63f15889c1420b9a721a964e2a6591b8a6c44bb0bb,74bdb526706d1bf065f0c7b493a5cba6c5bcf6c7601e0dc8ff84a0f519710162,cb96cc93bd0037be3c17135c06ccc8df68f43286f2c8c514df8fe44f0f2b9474,27083,36.6,33.6,34.6,35.8,36.4,37.4,39.6,41.0,48.6
0746e688cb223aaa2d728e054f34b3e6b64604a0ed3675c1707e0222141cd363,a93f1ded830c81755a46672bcdf15d3e26458d76dff9818a985e4e6c5a6bc07c,c4d52351a92a4804fae808656d6237ba0ee924803c443b386262c2a7f48689f8,7837,73.0,57.0,57.5,58.5,71.5,72.0,117.5,149.5,150.0
faee9bc432d641486f3a55ca5bae3297c2b6287ff5cc8a0d241dad0b67d3408c,88fde5d649b7d8216a17bccfba77ee4c591e31fde2c251fa3addc66e042e2708,3800460ec8bc21d723e2ee1fcafc96da60fbd88f585bf22e2b4cd058fc29df78,52645,1.6413793103448275,0.9172413793103448,0.9586206896551724,1.3172413793103448,1.5517241379310345,1.862068965517241,2.9379310344827587,3.2413793103448274,4.151724137931034
654739233c4b8dcb905627f1c7643913d281ffbb3bb37251f6cb4896ea512e4b,379872c9901032441acdac85f4c227fcdd456396fa913f0575249605d4c8d1a5,c0051322b0f950584c1332ca02098a5665b7189a4ad81116e265e4bffebe223f,21842,29.0,26.25,26.5,28.0,28.25,31.5,32.5,34.5,35.0
72a238d035140ed2c566a945a83855224708b330f4af1a20dd293603468bc8ff,8cbbbd22edc4f09def85f7b258f3cd48def8fc54fb45740c7e31265e1da55318,648d65f08f20167469b875638886210e7390c2534c0d60a36dac184e9245966b,17236,94.5,94.5,94.5,94.5,95.0,95.5,95.5,95.5,95.5
3fe6d6a1b9dc622f240d152c3f73609b7cb5daffb1fcbd2d3428fc3f2a9f42e2,defeb3ffd56e8944b9fc44153754270f8d673519e7fe2b4417b2b699e3e26514,70264562661d5ddaeb8f64e4e158437afa2a8c50c04bc7c58a5706ea1e8c31f1,17250,187.0,187.0,187.0,187.0,187.0,188.0,188.0,188.0,188.0
245320441c0f2786254a134702930d66522ce0b8eac8233f7f4e5a97c76020c4,271197cdbccb789e73f09bbf24d1dd7d7f49503398b4ac8be692ed7faadd4041,9c1346945b7e5db92d9ae232ae98f4fd53a66cb250b1e9e3362b2e07e9572eea,33878,4.177777777777778,2.8,2.888888888888889,4.155555555555556,4.377777777777778,4.511111111111111,4.644444444444445,4.711111111111111,6.133333333333334
c28abc6ce977539b6232a523fdf794de013111eedf984ced25f090a8d8044485,ea97300d020559dca655073b330a436ce31cfe8e923e2e3da61e54dc745ea7c8,32df4ebed862dca54529405a8b8b10757ccf1d6bbe0b40975361a1cfdc60ebe5,21358,47.66666666666666,37.0,37.333333333333336,37.66666666666666,44.0,49.0,83.66666666666667,90.66666666666669,94.33333333333331
acec129dbdd1f120f56d7ba2b05f7b66ace43a823833948d4c93e9994aacf2ae,55acabca06a9d4770e57cd3a5b90ab854fa51124467dd70ca53bbc46c5553d85,d7b998912a9ebc644c60ac0b2174357f2ec434f3b0a85f9bbff9ecfa25fa94b4,806,119.0,106.0,106.0,120.0,121.0,122.0,122.0,122.0,122.0
7017de4ffed83d70238483df8a219da83506626ad472d22b8cc186fde46530b6,20286f110cbdc8eb6c9d2cd08d0652764cb6a21d118206b5c338ebade1276118,a6224a1d07145852e70b893efa112c79e5e39a7bd6a441fee78b83482f58e874,67675,59.66666666666666,31.0,33.666666666666664,60.333333333333336,63.0,64.33333333333333,66.33333333333333,69.66666666666667,127.66666666666669
f3ba4d041995763c747da84fe56923adef6c54041a2a8bfa602135ce2c713ef1,e99072530df64e7cddf316ee22c425adc635bb1c5d3b0e18a5f982143e44df26,6bf678b9067ece4b3847d66a7e02a4e9a6143d98763358606846c745a51ce500,9956,30.5,15.333333333333334,27.83333333333333,29.166666666666668,30.5,33.166666666666664,34.333333333333336,37.66666666666666,46.5
348eec94fd760d5029ff80711293ded0ed5720ec68e4cc94b179cd1585e7a818,ef942f56b4a0c425777b9e6a8a6bd12c06ffa361bb03532a083fe454ac393192,f0bbb5d49b0be1a4d31ad55bca6a09dfdc3f2122fbcddf136fc2fec1d4155629,254,140.0,129.0,129.0,140.0,141.0,142.0,142.0,142.0,142.0
c4286edd1a45e60158f9f52b148f4eaa597e8b2362b127078972e208c85980fa,95dc325a4a22f2d6368e04c54265752aad1ef0207cd08ed2ffa698403f3c30b3,2cd7e01050dbd95816f52bfb55c3a5d51efd2e94dbb36889dd41a5a106882fc6,17253,130.0,130.0,130.0,130.0,131.0,131.0,132.0,132.0,132.0
0c452a663d8ba4bb9a900f54fc4cf4e75094b5caaf0f8cd0d49bd15d681f01e9,95dc325a4a22f2d6368e04c54265752aad1ef0207cd08ed2ffa698403f3c30b3,0a1d9e48e41c47946ad034a7920e6fbd5f61cb4d1f77e50f4584d9f413812e33,17250,130.0,130.0,130.0,130.0,130.0,130.0,130.0,130.0,130.0
08d3e511f0e7a798645a540dc6757c2d69cf3547226f23b451b3cc2b4f0657e2,95dc325a4a22f2d6368e04c54265752aad1ef0207cd08ed2ffa698403f3c30b3,480a212a57230d14ce1da5674614fecec178867baaf5215680b8206deaa92de3,17254,122.0,122.0,122.0,122.0,122.0,122.0,122.0,122.0,122.0
f43010c9d4a92f59604a77d6fd63abceb97065c9ddd9c070d5918a859e8f9c96,ad79f342196797cd02f97863e563c7a8bc0354eed877ff2b21c83077b85eb5e5,f3714e66bc8e3f56aac490dc561c7288ffbfdd5a819079cc2854cdf6e5f4bd1e,3243,61.0,52.0,53.5,56.0,59.5,61.5,74.5,75.0,75.5
17da503d5ab2858a3818bf11cb750c14d0f1015c67021dbf2e6f60a8008282b5,d6f217f008149af53b953b26a51cb81878d214f5d110268d6186372d43ca800a,893275b45a79270398c8184392801382f075d4ef4f5e50a286aa5eee47276f73,20837,4.275862068965517,3.7586206896551726,3.8620689655172415,4.137931034482759,4.241379310344827,4.379310344827586,5.0,5.137931034482759,5.206896551724138
50af060bb2bf7e3eee58a6bf433b2f1e94bf0f8fea754fb56b94952c24303151,c017b13de04bae11093ae813f7410ae34832a3efca01be019270893397eb5c84,20b7b243da81a00df5f09104bcbc608acbc4b2daa5f1356f4173bb0f5ede0b2e,15618,29.25,19.75,21.0,25.0,26.5,28.25,47.75,51.5,64.0
5e67b86e12d3d5774e98ba0a349d72121d643b4ade91fd445e86aabc2e587141,de709ebaa239ae5788a5c0eda31e47456e4ebacf55f0a7ba7d4b39314b796a8a,96a8973502c810acae9ab76fdcb202db63b64ce23ccbc28fb3399bf09292115c,22777,29.0,26.25,26.75,27.75,28.0,29.25,32.5,45.0,47.0
1d3cdd706f873fad9971eed95082fdc5bd5fd9ea7335825c0846ebf346bafd20,04e360c7a2f596e18e0157453c49a0cbc214e57bc17c6567b3dc2bff24106a58,d7093bc5f83c7830f6fbd45b45960ea39eb3581ccd0ec145208ef619199ba52a,34489,5.1,4.75,4.875,4.875,5.075,5.375,5.4,5.425,5.45
1e14c77d56d77ab55456575c99e479df9a169d8174cc8a7e3cad490f33c8ec6b,205c38b2def5cd004159766f2345260101d00f6a2a364e2fd260e11c5df2a93a,7874dccb74af6c8dc9844920468e4dfbdeb8ee08fbbb052389c55f10f4d5ac16,34351,122.0,81.0,87.0,92.0,93.0,182.0,190.0,267.0,283.0
3e2b4ea8e17ac474ae15fece6fb55caf2742bd4a62b296aaa8745335558926d0,8d9058f92d0a5fb918f4b5c9eb3e4d1854586f8fed3fc62b7d05bdaca5275fec,048160575a62687eca552627feba48e3de51fbed17c2b1e0bf80109ceb673b8b,17250,122.0,122.0,122.0,122.0,122.0,122.0,122.0,122.0,122.0
4a5c888f5b5cdb21d7c115b109cc9441b70abe8df42ec44c92c0d129412d302d,44e50fbd467149e474dc6c362a66d0354b6ac2034e54fc5efa1df6806517031e,f72744273d45748771f8161af09a1c939d678e022baf164bba1fe2f2b7474f15,17254,118.0,118.0,118.0,118.0,118.0,118.0,118.0,118.0,118.0
a699dfe0ababa957d7205e4275440fdf7d28ba0b91bc4fd2e69240aace39b81d,7f6b84c358db195e7b238bf9e69bb3245d874489fc8c39c83c4ebd8e04f906ac,fc666de9d89590b6064b824b8d57402035f2ce5a97e63d0d995b0ddb04da15b9,1669,124.0,109.0,115.0,117.0,118.0,130.0,174.0,179.0,184.0
14c60597426e0ff853efe37894b932d49b8cb321fc57333ca1a2cdd60fdb09ec,c1f4130540132053a328df2f8cdd343011303af652ca88dc0be4d09bfb05d5fe,fb6cf3027f6db7e7289cfa72859c539113bbd5b8047a40b29b801c03750c9aca,66843,19.142857142857142,16.714285714285715,16.857142857142858,17.857142857142858,19.714285714285715,20.0,20.857142857142858,21.0,23.571428571428573
1ee2b80a0aea150847571e39811b14a10b43302d069f3bc84405a516cd044750,2ca23834b0737c13a3d3a9d9864a8033b1f544bf45fd35ceab9fb7dc5528fe1f,bc97bc28a9116d4442d9ce5a705749a9e8a7de2ef827766a2a33476f87dbbc97,7854,14.307692307692308,12.23076923076923,13.23076923076923,13.538461538461538,14.0,14.923076923076923,16.23076923076923,16.923076923076923,25.07692307692308
6ef2ac0cfa2203e695a2700347c12a8dfee35d3b5a4f86f97b27650cab371d6f,e8ed52d0ad0948c2c8c21bac440fa13b7489d6f01dc65cd5d547cbaaa7b11d97,f140ebafe9f0b701508bb2a46321cd3aed42c55b492b7316a1316c5d0d214f25,21998,58.333333333333336,44.333333333333336,51.333333333333336,57.333333333333336,59.0,59.66666666666666,63.66666666666666,72.0,78.33333333333333
360dac9b760c93653ecc4b71b8ffd939675cd94ec3954150b46e13047b0c3550,e1bffb6f19036859e1f1aa164a9c012a7b538a5ef7a17c92d69d77f48f6765d7,2c949ad3effb9b5b6b8fb028a1d38f473ef472e62a24bc20086d601f157fe4e7,17890,16.166666666666668,14.5,15.0,15.5,16.166666666666668,16.666666666666668,18.5,19.0,19.166666666666668
af58472b033ffca89b46fb75285a3aebd98a9855b427a574774e57cddf30000a,9a7565f00e0b70d12e39b512f82357533b88a5db56632b4ec95f7657d7b0a612,4e449c82edb5197a141982a3a6b7f1e3e3608bff9feb56adc977a3c0b8e675cd,3250,24.5,15.0,20.75,23.25,24.75,25.25,30.75,33.25,33.25
b93f866096cb5ed7ca770ead1b7bd5bb00bd01257725b0d3288e48ad3ddcf38d,0acbe33e4fc4d177a7d02dc6622cf384170a9e778b603385b03a62ae18693e2f,fe9f7673b858a55f9379b5fb3449f5efbb91f59f5ad81fb90bdb01082046940a,21785,43.0,20.75,40.5,43.5,44.0,44.75,45.5,47.5,55.5
0dd6706fc393424eb19064c494dc61686ddd6bb2f9ef1ea64b11e5e0fd0973a3,426bb2ee80d370940aee9f2545ecc83dfd4cb86d3f2794245e29d182f55b6624,6c6d38b47e6363b7d2727aaee904920930f6cc5c9d6e69ef507bd1887ca22f29,16551,24.8,21.6,22.6,23.0,25.6,25.6,26.4,35.6,54.0
5733dec8517851767fa23d740bd9abdf284df4fa4286087213c24a2cfe95786d,17d42f82f117c821a8dbf9e3b4579b6e6f945b44edd576c393dae13461c38275,3a917063a9ca53676ea7659f567c13f229951d32cfb143f980f469a9b8e747fc,21000,125.0,108.0,113.0,118.0,126.0,127.0,149.0,150.0,162.0
1d869207a9d865a933ad59bb8108b086b01e4e2c6e681eeac78a4c835e4562c2,c8dc0906ca317b74f7bf88b3abc7c138f33a0ff58f89c00cdbaaf25472a74ece,d6d573b945f88c4b874ed2f8b8da04ce024f16f88104cdd5d7cc671d86ff42be,17637,6.5,5.454545454545454,5.863636363636363,6.318181818181818,6.5,6.727272727272728,7.136363636363637,7.409090909090909,7.545454545454546
ecb1e0bf4702b9571499d3c1365b148cb7137fdf061ae3c3116b2e99a880a8c2,4d99ee2ba180d08fe2ec9ba030513d1e387154859b734f45cb8515a352821222,0252e6f29626e84c037e74468f91b90fcc63993c6f31e55e87ee446c550c8211,18012,38.75,10.875,22.375,37.625,39.5,41.125,47.75,56.75,63.25
09aec0fe39f84b7bc95f66961f96d71389af9584fab1d051093609cbb51c701f,3255dc71d02271f80871546e54244d8963f25c45000d50c12ab37bcde22bf13b,e9e104a448c11013b250fefdcf71f90f434ea837d31c92dbb39b59bc836e7842,1470,154.0,115.0,144.0,149.0,152.0,161.0,169.0,171.0,172.0
9fc3d1416aae6cc2ecfad6133d595f9a03d685fe768a2f9804f9b2caa98d5497,9fcc17e0b909be0615edcc26517fecef7fe38119816f34c7cc8a7eb01bc998d7,c8f8dfd6e3605d00146b93ee00dce28f66ab5257c391ef2149fa5a8685609470,17609,18.285714285714285,11.857142857142858,16.714285714285715,17.857142857142858,18.428571428571427,19.0,19.714285714285715,20.285714285714285,20.857142857142858
8c7dc254bf27d836fe19eca2cdc442e31a8deff63b9c0e38d46a15ebb1a68dd5,7028cc64141a7e04411bf7940901323153effd5e38743be93964e565ca2dbdae,dbe31436102a075fc640ec007096738a96b9d769d989980532706d4835a7e9f0,18124,144.0,113.0,120.0,131.0,134.0,165.0,165.0,165.0,165.0
bd5ee3b120e6119974361485af3f5a01832f99aaed5b333eb2a823d8063e57a3,6a5c45141b450ac4176a04b20ad9dc32b73763fde945b6dae4e22c901914de40,6598ad4095176af9d234e323abd1228b2b3f3f6adcc52050243cc86cc173276b,19605,37.6,34.4,35.6,37.0,37.8,38.6,39.6,40.2,58.0
4bffd5372332a8cf6c0b8bc70959a04862f5f2180c7c21bccb8fe0853f13f907,fa40cc06a3fa3e4b5c976f5988eea5f744da635084e56f0a3a7b6c6fcf9f5b1f,ec6f9425dd66f6368c0a6b470580e27df854f56ec5143ba8b31acaa1067652ab,19586,26.8,22.6,23.0,25.0,27.4,28.8,29.2,29.6,30.0
02a2f14cc8ae01387b061e0b75ad9e0c908c92d2f74fb6053cea646aa79002c6,6a5c45141b450ac4176a04b20ad9dc32b73763fde945b6dae4e22c901914de40,b6065f18b7c05a25ed914ba18d5a73f7c7ffe191ce8da5614ef66cb9f385b116,18068,31.666666666666668,29.5,29.83333333333333,30.83333333333333,32.0,33.0,33.0,33.333333333333336,34.833333333333336
3013aa5c97d74d4493c83684bc197b050b4b4f5426ec2e6fe859d86053b664ad,cab4536b6f941cb760aaac841b7519440eb4b9043ea356dedf01813b6929343f,3a7532396cb1e0de36f178f3aef84ae7d92279adbc4786616b77cf89377bc112,18767,5.809523809523809,5.523809523809524,5.571428571428571,5.619047619047619,5.714285714285714,6.047619047619048,6.095238095238095,6.142857142857143,6.428571428571429
b892212ec7272ff8f3242d7e6b04283c9178e8c5d5e6ed27c852903ed001432b,fb65445efb41f79419fe8f20badd98a66f0c2f3c2d15ef8fb9142a3eb28b1731,83a6af505aab44531dce4a291ec5ffd4e8feabbdcfedeed83ed7cd60a9c73846,17130,27.4,27.4,27.4,27.4,27.4,27.4,27.4,27.4,27.4
5d2283a39c492cd4feafecf82ba75afd3831030bb394d57b28659ab190b40b1c,d84b26324ab1b7bdb3206a11876b63db2d083db8db37301f5203407a02271c6f,83089fa4ce0d83c96ac448987fcf54bdaddaeea71155662bafa3721d84e5baa7,526,26.77777777777778,24.33333333333333,24.33333333333333,27.0,27.33333333333333,27.55555555555556,27.55555555555556,29.444444444444443,29.444444444444443
9774e58033210fabd92b4087ae848b7e5edb9650b97b5dd2aa490109ca16e290,ee03eb2d01d1004de251e3254b3639890c0e6ea4af89b20a521465f6b7a9ab82,714b371d7774234c8c1044c586d35f21bee6b7f3847b724e1723ac48421f6c53,252,10.333333333333334,9.555555555555555,9.555555555555555,10.555555555555555,10.555555555555555,10.666666666666666,10.666666666666666,10.666666666666666,10.666666666666666
4ce9319ebc2ced61f0810357dfbbdebae0318878cf1bca5abc27ab7381a6bbfe,623e9c7bd3530f0d88d09bf47c7a61f6f39f8ee2714c96def0999fc950016827,da4ea07d6cd668be9acf08a5011ad8b90465fd710aee8489d333232c4b718ab4,266,112.0,99.0,111.0,112.0,112.0,113.0,116.0,117.0,117.0
895b38d2e3b8ce0df2347d36849586c31f722a2966b33054e2568bc2b79cdc8a,58130cfa8a6431dd3fce29f793c101d8f72a8343413465b03b76c06ce220cc30,04e545a2e7f3527a6ab6d77841ffd8f5787eacce8c7ce1fd2fe6749fde2c8222,48443,47.66666666666666,41.0,41.66666666666666,42.66666666666666,50.0,52.0,52.333333333333336,52.333333333333336,52.333333333333336
027464026fd4b655bae6af6a18e89d5f83926f120144f88ea2fa7d81feecb86c,b7ccfa3e66884e1f2cb24a9f6a9e524159dd85b0aa41caeb2f50140c086f1027,5e19cac7548b5c5be82e647870984592cedc7636eb6886a01d9dcb749248bdb8,17253,129.0,129.0,129.0,129.0,129.0,129.0,130.0,130.0,130.0
76f53d7090ce180ed711ea35785cdf065629164d5a816d22577e142ae8fd650d,596ef8441c74f8c220f587067a47c335671f5d66bcf327b02c5a94743345047e,9e0612dd8368732151cbe2c8c1c5b21fbe8e09492e2ddce3fcf26a9024755a7f,11933,117.0,102.0,111.0,113.0,114.0,119.0,134.0,139.0,145.0
5f281be440cb708f6b193608d2f9c4cb3e6c6bf3af3da5080aa0bea9540eae2c,4bfb9b4ea9e9e6468bfbd253c9df4db00e5f3da0ff7883dbc3cfbc3fa60e5602,06cfb3a03d4b38e186c21373300bcfcd52536ef16790c63c92f261ceccbf75d8,17196,34.5,32.75,32.75,34.5,35.0,35.0,35.25,35.25,35.25
92afca8ef079e6f967a615f88296b610f79ea1d7d86231d02a79c8b8df084e8c,fba3d7fdf3ecb7aa2663e0dad8c729f25b709693e945e8c8a81f65b893b6d284,67b4f2ec6e2c2d95b1044c49a8610769dd187b5ac2418f9b9939a97c205ed1db,15130,2.961038961038961,1.4415584415584417,1.9870129870129871,2.5324675324675323,2.857142857142857,3.467532467532468,3.8181818181818175,4.259740259740259,4.974025974025974
ec23cb456fae66b77a0761e6b98ce19a5cd72cc5540150aff0411b099ff7824a,f7c535eee05dcb2b410ba2737eb098960f296b31ae2773a278e436dfeb972e4c,dd1bb31d32827ad12d6b82e02f5f4154e437c1281390280d25263eccacebdf64,223864,38.0,33.666666666666664,33.666666666666664,34.666666666666664,36.0,37.0,61.333333333333336,61.66666666666666,72.0
81bc01009a56d580bda061495774d748b298cc9de8d39516950bd4aefd0b8479,c43a62e4155f277d1b9c82cc198fc1e64e4d85946a922297b618a5932d9a459a,3ecf3d43d3979da53c18d3f208df4b668feb8de6580e840d61a2b11cb7dc6d81,17238,188.0,188.0,188.0,188.0,188.0,188.0,188.0,188.0,188.0
c65261be20974075f324fef973c971663e057f902eaf8e3b8001cea0778ca437,1329396838cf534bb36fe320fccbd3a3937e1d9cfa283d26c7c83e83190ff2a9,701e0c1f99e0ba36977af4209d3b22a098d19c0e71d2f2d529b9353975316340,18144,83.5,75.5,81.5,83.0,83.0,85.5,87.5,88.5,92.5
55cb2f4e6809c7a2709a86c34e5921dc4a36e094171bbe48707caf61e7a763b6,c25061a98a0cdeaa3641a41d0562fb7132b16aa357d5294d9a60db667fdab169,797d882548e47bc0432ece2bac71b65d0ab17d0508016d313a849b3f5b0658b5,17358,43.25,43.25,43.25,43.5,43.5,43.5,43.75,43.75,43.75
d5d1c1e2ea19185390d01911145a2d03cc9466b44c77e045da41202dc71c7672,33d02db29169c2f77b0234e73f1dec0212b419599b6c53cdecf72521d0db7b7a,56bec62e1c4666cf42572ef401fbad430c04a0538fe83dbe87cb22897c9b3fb4,10351,39.66666666666666,35.333333333333336,38.0,38.66666666666666,39.333333333333336,40.0,43.66666666666666,44.66666666666666,49.66666666666666
199e3fbbb2af1b53d76f6dfbb405d8ef6643d7220a6039bf069fe1da67376d55,dcc221062c4b0a281b332a48dd98b53e609ceda743d2e644ead1c802d19f4109,53e89becd452b0017de28ac614b381f9f88d5437942c87319c95b653f64bde88,1155795,93.0,85.5,88.0,90.0,93.5,96.0,101.0,107.5,202.0
bf5f5cea498f694dccd7168a1cb92b6118a970fa4fbf927078a6abb9b10d245e,46319ce4ca93214fad507c76bf52f84a84784d6742c8cbb23290b9f495d24894,1aed6a5aa397da392fd0f73a30060ddaffdf548a890b73e666c81a11d2588aa6,58492,3.4814814814814814,1.6296296296296295,1.8333333333333333,3.314814814814815,3.5185185185185186,3.907407407407408,4.666666666666667,5.851851851851852,7.796296296296297
aac5210d020b4583b0ea1292a606b4d47e6bab41d1c89455a596470419b64fca,46319ce4ca93214fad507c76bf52f84a84784d6742c8cbb23290b9f495d24894,1aed6a5aa397da392fd0f73a30060ddaffdf548a890b73e666c81a11d2588aa6,58492,3.4814814814814814,1.6296296296296295,1.8333333333333333,3.314814814814815,3.5185185185185186,3.907407407407408,4.666666666666667,5.851851851851852,7.796296296296297
a28c4a0ae28c67dfebd8df84adadfc292fa5d7f6b78fc536eff607d5c18bbbaa,d8e5c5c6db9eb566c76c18d1abe8ab8a2a67b3495c997ed87a378ba3eb09908a,96188d16df6450112b8b33bc6c0d58262777bd618796f97c4720771d170edf80,15680,12.6,10.2,10.6,11.9,12.3,13.8,14.4,14.7,15.0
7671b56c7a2afc9b1cbfa7d3a3d5357722db774ff5240ec7d64ffccd652bab9f,984372d34905c78c11f6064350ab92c3c47dcc8f3eb33696a3448ea7cf297baf,be42a73eb0c5f134d79f7e5eabf55c61647c95737837049cec4266ee8341a1f8,3448,51.66666666666666,36.0,45.66666666666666,48.333333333333336,50.333333333333336,56.66666666666666,60.333333333333336,61.66666666666666,62.0
71e479d28098974f78c7b1d903de9f0c85b93229cd6fd968a0dfe07c15f16b1b,df6f785129977ddec42ced89d24375804cbf3f5445346e0c2644049fc068b579,ae2730430d1dd1ab8c362ff352cf0243db18b8daee5c6334ed1b5b63740afdd7,39665,34.166666666666664,31.666666666666668,32.5,33.333333333333336,34.333333333333336,35.166666666666664,35.666666666666664,36.16666666666666,50.16666666666666
775631293020cc88fd0640a574bae6d114ddc89a3be930d7cf634f0c1d37e539,4cb8f9a0778ea6d613a7c8bd00ed01906e7511953a2ede718b5cd35b73655c67,8a44fc292e68f93cb96b6924481fc49203acaa4f14d1c9b6b34d67679a83ef06,34483,49.333333333333336,46.333333333333336,46.333333333333336,47.66666666666666,50.0,51.333333333333336,52.0,52.333333333333336,53.0
b37c42f95aa9eadc5cd34b191433c7c3a0c5e5bdbe1248575243c4c6949a81bd,5da5179a60049fa64dae2e890d8039e3c9df075bb17bdad979638fec70128a45,eb57a2d96023df4c8df9e816c11f2b8ab84a6728ee8271581e0381b3abfeb90a,760,194.0,172.0,180.0,180.0,189.0,216.0,216.0,216.0,224.0
ea2089a43a35996fdcccb55a66c1d4f7e73a43c6ab4ef003a7ac9bc080112efd,6a9a15cc54dfa598793d5629537368c9fb3819de06f77203f6a40c2a37b73bf6,0cfcb6188c6a5d590e644e71d2a75de2e4d906c713dc3e474db3548048d513c4,21736,211.0,158.0,192.0,207.0,214.0,220.0,226.0,228.0,230.0
30a976ce7f034420063954b34aa8e5f113a64794340d63cca6f1e6edb7469342,fa5a2cdbf1d0b9274838efa65935cfe22c84fcfdb524d180a635d74b68fdd184,722f742f18ab78a456c050c55c1975255b1f4c951b0c72ee02ada98588201c9c,66164,90.6,35.2,38.4,49.8,95.6,124.0,134.6,161.0,165.4
1c773313cf2515645bb1dddeed5737eccc2a31630e2722bc478854654ae5fa9a,084937ae32753eb7b3d04fd6c6d731b39a2b54932bec1be0d3231ce0b981fbb4,f26e60bb6b07cd771aa17f5178f1a8e1c1c1cb98196d43d9a3de8aaa0b91a230,4929,178.0,74.0,83.0,190.0,201.0,203.0,207.0,213.0,388.0
017ff0630f7272f1abbd250aaee0f7f6e950ce5ce6642de5be9ccbbcc3af9b49,2e9a8068ec8d77aba85a8443a09086116db3391c8d5dbfe76cb595f6565cb661,24dbf8814e565c01fc57471224ceaa03463a222bf98081dcd2ea2fc8cd9b4ff8,740,181.0,150.0,166.0,167.0,172.0,200.0,204.0,220.0,235.0
191a2752b652b23868248a0befd01aca3c401e1193c56de65a31f47270d7161d,be37807dd057d6ec60d68ada133ae15d29d603adcef7445389a53419ef2a0786,c1e4baee0d7fd679299419ef7b96ba13ef140c245b9fd6f45a16e30fd04a7fed,991,196.0,165.0,171.0,184.0,204.0,205.0,213.0,219.0,244.0
30824176d78e53ab308dfcc6c6b1ef125325b01e1ba8c17b3db6f64bbdcc9bde,d1ed3ad996acad651a2c78fbae358cac64de21cfcec4f687de5adeb56f4b0539,5904d72f5eeb290ac081abf772463df2fdd8f1ad4fcdea4a96b4afca31529adb,7552,97.0,56.0,56.5,91.0,102.0,107.5,110.5,111.5,193.5
b6423e53fe32c38c99f26d3f0a420411c2ea1b29049989d251307775e4aa945b,c8c3df0b0b05d307eb3a863155932e9116a3aa0c82e433d1dce73244f271067c,49090d50b533b62155915771fe006cc7f97877a58dc404b5395bb8c8cef81bbb,17253,13.7,13.7,13.7,13.8,13.8,13.8,13.8,13.8,13.8
4f11cf2735f55a216cd28fecaf7bc2d1229611279e568d0d3cfb08b77c533f78,b06ee7cd9742623f30333f10f2337ae52b6d298d0d467e42051a435087714bdb,c75bce6289a6867e1c1970ef64acb6ccb0ff8e94246cd902e598a59d7448ed2d,17254,405.0,390.0,390.0,396.0,400.0,400.0,461.0,462.0,462.0
edf9a0ad885c9b8f069e916873809c5678267b8112b901a2eb04e2492b92feb8,3493f44a7a8ac1b6f5a0e574226854b4433e770f4f8cf6d042237672f97471d0,6e861d74a50fab4cd89a632b9c0aafc409c868469f9cbd19a778a5885fc0f6af,392,3.309090909090909,2.8181818181818183,3.018181818181818,3.2363636363636363,3.381818181818182,3.381818181818182,3.4,3.4909090909090907,3.4909090909090907
f65e8cd48406d26161b5200a3d5a6e9d718d501bb2b19a76629b30f3977fe655,51363659d4b26ee2cefe9a0781d7c40f1d9b9a7333294f0c62d1721ed4a76f5c,888f17416e4170e09ebb79483d157c22053b6dbd247f99afdc1aa3246990ddc6,27363,12.0,9.181818181818182,10.909090909090908,11.454545454545457,11.909090909090908,12.454545454545457,13.727272727272728,15.0,15.0
36612de2b72eea3f3674a454926517a7ee90bfa6a61dbe05bb2d0fd7914c6108,a5868787b8f675c031c72c227c93632bafe6b12722531b3dda8e60b71f836bdf,1fae75dd8975846786ceafb177f9aee885387a29ebb8a2cac843609920f9bd96,21898,115.0,106.0,107.0,108.0,117.0,118.0,125.0,133.0,135.0
aad6dc309bcdfb0ea646054837f9a268f206507f97ac3e0cecb08122b077adbd,d6efd44fb06fa43d7e018e9cfe74ea29e72a4eaf68684e048163581b066e7b1e,bf4bdfaece7bded3ce2ab935ef5d56458483eba14eee182d63f51755625ab376,18185,75.0,68.5,72.0,74.5,74.5,75.5,78.0,92.0,96.5
32f78359fdddbc71156aa01f9a50337f94d3415741ff3b314ae96b19e885009a,e9118a4c1cee80928ab727d024149e4dccc75032d19406220ff14116085106e4,d0b191a6c435e8131e7691b6ff0284eaf7c650c07044c58689cef400cf64947a,17249,224.0,214.0,215.0,218.0,221.0,226.0,242.0,242.0,242.0
ebdce0c101c15bced543941855793f9d3ed13d0ec44217f39bde413e326d8b3e,c55bee4307d16771ec942325320a4f697168871624d9aa5510c12eac75031d07,5a3a848158cb942a67f7efd3e7bc1db66fb7273d85556e09ea58151594ab1b6e,16355,53.0,31.33333333333333,34.333333333333336,35.666666666666664,61.66666666666666,63.333333333333336,67.0,71.0,129.66666666666666
1f0c44c6bb4a3e7a6753fe5c2364dafaec2c61ba02faed931819a1c7a5b4cc35,3e133b894aae309166e20c4b288df359730113fa8f0b39da2501ea2d9f74e70b,838c5310ef40f6b07062ec500e9e0c745089fd377e4141d87787c8e27958fa7a,17237,79.5,47.0,48.0,51.0,56.0,113.0,114.0,115.5,119.0
5c75303c429e6bae20e026fb273313d154177d93d46044186b39719a1deada28,ba5c82ad2b1720f09db14d6dbf8bd2d0ab5e2963b7bd2b14812e1d71d2345fc4,9bf594a1c0089291c2a40bba74b2c3f2662f7cd24b0c6008519ed54f690c602e,11533,50.0,43.25,46.5,47.75,50.0,52.0,55.75,57.0,101.5
6bf6f6fd32aa772bf54c6dd31d8005a286ca88ef2b59a6913c0047ea01ae8d55,f3e60c2c898c6cb99b17de78775d6a04877db366938200b44ae0ad6179881285,076bc3879a2d116747c66c4fe721a9005a53ead817dbab881f2fdc6b6693f21f,18425,61.0,55.5,58.0,58.5,59.5,65.5,66.0,70.5,73.5
6de5b4a582ac4d95533b8ab52763a92c5935d5eaad1370156327b54ba6885191,dfe6ed48e4ebd97dd3652cb2fab4e9f4bcdd58a57713d5a09e12cb93a05cb0e3,0c90b6963409ac10d38d436946cdb39c9137de2d68ddc089a99cea7c22a4a206,21324,16.375,13.5,13.625,15.75,16.375,17.5,18.0,18.125,21.375
71addb3097b80787a7c4364684e0c9dc3aa83b06a2b935dd0475a4f83f9e18f2,b70a4f1be506ede58e71f449e82a4f51093c731b0ab69532ec87d5ee3a1c4c6b,da5e634c5e591944b11681a0b95b585dcfe59b008dc280d292b577ea27d7f089,29741,179.0,84.0,166.0,175.0,180.0,186.0,204.0,213.0,389.0
755ee32cb9c1fb8870d35c53c577b83f101c599bc548b7fca4e0089298e9ed98,486e10ac87f2c7495ab672094483c49e935e6f7e19b2b9b7157be7f9f949244c,8b9332cafdd35e8e8eb93d7b9d6d410759535c5685ae673aee1718ad8013fc99,21858,59.0,54.0,54.0,56.0,57.0,63.0,69.0,79.0,102.0
7d43757a7ab91f11a85be0fb267ac5e38952a978c2973fae9bec44a1113620f2,486e10ac87f2c7495ab672094483c49e935e6f7e19b2b9b7157be7f9f949244c,f067f63fc48b08f4b8d215fd6f67773085559fdd009be0186e834c06aa7caa55,22370,55.0,26.5,26.5,29.0,53.5,70.5,101.0,139.0,165.5
e34caf1138b2a84465d671f27d30fa3804f7a92730af17752d1ff736f4eea56e,486e10ac87f2c7495ab672094483c49e935e6f7e19b2b9b7157be7f9f949244c,76e30412c8b470571ab46368925cbbe2f945b512667b5eb6f2f2c33629ed0dd1,21580,58.0,54.0,54.0,56.0,56.5,57.0,77.5,85.5,104.0
f0451c23a351180c852d10b56038f3658d3251dca99d7690a7433067f7d709ab,90f445a12b7346e00d6f7bfaa3ec2d2ece26415a49058b0276c9ed68aa2a58aa,b76d6c513d9740df1cc5159e75ab2c36a54ef2b19c3d0878c19d86b0a5bc13b4,19922,36.2,33.2,34.6,35.8,36.6,37.0,37.6,40.8,59.2
efdd961ed551599e7fa97bc2764e2fc38d9de44be31d4290c38fb9c89f7d8918,486e10ac87f2c7495ab672094483c49e935e6f7e19b2b9b7157be7f9f949244c,babcd4ca963e4de0ed72c4f9dbe99ff7c893f42ac0218c1ccec18b801738132d,21537,55.25,26.5,26.75,36.25,48.5,71.75,98.5,126.75,147.5
e55c88c99470a1be1c713f6569b264ccdd0d5625192a1816ccf6b3f7072d6c99,c1d9793cd9f6c1f6684796f9c6d1d1d708c76014de4f68ac188db5e602916fda,97539439ea725ed3fe67813c725debb1327ac314384fc086fb5ab8ab6d097f1c,19012,46.5,37.5,41.0,46.0,47.5,48.5,51.5,52.0,52.0
6e155b9f0148dd8d8ad6154a47f45584669aa8b843123b9033561a35b26bfb92,1ffad962d8e54a828f206273b2942dddba6dda00bb0b92c66724a0cd80cee29f,b02d9cb1e574b7ca36dc5a39b1c9125350886478cc302dce5922dd7b344ff9c4,17250,195.0,195.0,195.0,195.0,195.0,195.0,195.0,195.0,195.0
fe89f94ce8add565e219f501d8bdbb75d92b37e59c62905f50a38e2558bf242c,9e0f1eb0211d469fdea8b7f648fcd0d401b74ddfbd0e4b97676ebfdc91d88e50,1495248c85ba4df2d4ad0b9c1b3b1c0977d3d33ff0cda436f7e376e9f5a541e9,21502,201.0,167.0,178.0,198.0,204.0,208.0,215.0,221.0,243.0
83e55e49af8cc4f2eee59ce3d2391d89e0bfa32c94a1e6f33326e938054cd743,96dddfaea982c8841a8f4f5a26c3d0de4af51ae1dd94a1ccc4cd4fd5364925f8,41e2eef4d483478c1e74ec8de0123f1061d790d4be666ed1bf68b78b1a8cda77,17253,186.0,187.0,187.0,187.0,187.0,187.0,187.0,187.0,187.0
b72b3697c79f95ee116d23ec35229c551930fb4a0243c02b3e74d56581c0b334,520799b468acf438a7c04e7c3cbedf938019510ab09bae62d81e485e038c7f40,1bf339092f71603578b589304adeb5cfca235249d890e45ec00a846af6ce4eeb,92102,29.375,14.6875,18.9375,22.875,27.8125,33.4375,45.25,47.125,59.875
e8341cef3d843505037532d2437f9f2bdd41dd3b593bac578fba82283fb580f2,c9d0de6ef63d783f01e4d99be759ea54b1011c4ae4112442f11a65e1b8833ca1,15dd9f8fbc6b6984dd133ddd23067b557db3dccf9e0eb5c8114a6d12c01c6a49,17234,204.0,191.0,191.0,203.0,204.0,208.0,211.0,212.0,212.0
59ddc58071316614ec3e28d2125c0eda1d6d583a74a3f27d09da723d9d8c5489,b914d7a7f725af3bd9feb560c458dc5b85c28423783e0f3ed274eb0c7c7f4ee6,56822d4d98293e881b37308e01282cd9a840e7777e5b738c2f804bc0ce15ca5a,23510,37.0,29.33333333333333,30.33333333333333,33.833333333333336,38.16666666666666,39.833333333333336,42.0,44.333333333333336,64.66666666666667
0951ccc96bb7542d6d77e5f7305478d46e4b2199765e7fbbef29bb72983e16e2,8c026af58be2085841c8b9e776c8265691fb09e6e5b50181cc807c1e6d36ae57,999bfc58512d1f17f9c6730b34fad313a76f76ecfa13c552abf8ba7526e9e2a1,34495,50.8,31.2,31.6,35.2,48.4,67.0,68.0,68.2,68.4
d59fc3af95717c502db1550b62f13524e23797e97ffead0d7dcecc798ff4efd5,814a96427ce1feca770490e78ffef5f3c16e023a2f47298ddab0dd5777c3af0f,97b2d40912cbd85c9e0b983cdca31983595685dcd0a56aafdc93bbde23426804,742,219.0,181.0,199.0,219.0,224.0,227.0,230.0,230.0,269.0
370bc8c52552d1d380eb668fcf3312392b56585ca09a0fef860d02310325ff7d,667865b35ff6d866af14555fe921d0b3be8c6f66a3046cd64d2837600775a24b,42b3084cd916894a23f32641fcf628400125596bbb176212addce80611ab0b0d,68965,13.1,9.6,11.8,12.5,12.8,13.1,15.8,16.0,16.6
34c2db012de1a12cc5ef4d6c4057bc31ccf145e3847204bfdb9956171a8c1a0c,80136cd59aa17c79f8b21a88dafe53aefb2ccef102d09d6794a6cc43b3865501,1e796f1f5e2c21bbb77cc770f85e18041bd4534f9c7acb1725b3354813edf15a,127243,194.0,185.0,186.0,190.0,195.0,198.0,201.0,208.0,231.0
91af80a966c0c568ae7ade94d52788f796fbca2dc0db168da861642a19550d84,e20b2184259d8f211d57dd6fd323f46cc58845a504de29f697deab76244a6d86,a5478ee6224da86576a362b541b62bcc13a33cbe2130d7a7c0d321fe942816e8,17254,172.0,168.0,170.0,172.0,172.0,173.0,173.0,173.0,173.0
19ff8990b9a22135d87f49b5785aca4b09b2894ae16077a7b330ee21a27b9090,1a3fcfaa71bae7da024bd1ac558527394a62ad0fb88bae547c2142941310e660,be89bd96450b8524f850cd6edf01c488a69b3798d81a3bf821960cc84775af40,20073,42.333333333333336,33.333333333333336,35.0,38.66666666666666,43.0,44.0,44.66666666666666,125.66666666666669,186.33333333333331
9570ded80dcd4f0721cb9a258b8367a7ef8fde24b0a822b202f7bf082b8fdc4c,2e65ea845f3048ea8216f3893ef917eafca707e0347cfc06f1d593eee93a9985,f3573d4bb44a6a10dbc40ce749d8cf2021c26e19010e754efc7fd4a57f37ed17,82915,21.375,19.125,20.125,20.75,21.25,22.125,23.125,23.625,25.625
8b62f11ef8add05116bcc211d5b0605d2e16825f92ed60af2391a7af9247c7c6,392ce1b98bbdacb4b8f3183c97bc0cee8f00882ab3f6c25e7d32fc36b6058409,c24d7d2da15209428fbaef966208af2a1998afc9d72cf94bf83f7fad8ab8cdb3,17824,133.0,107.0,110.0,124.0,137.0,137.0,165.0,175.0,182.0
a48048b8be2f40a97f8a75ee6dd69233a80963f30cfe6ddb0df87600b2523b7b,6a0fef6bc856fa5a55bf8ee632793008e31f67f02ab9e4ea0e878cebf8462739,d61cc65907163919a77dd823f609c5fb4892756c729952bfdd5be6f65e984e18,20611,16.333333333333332,11.666666666666666,13.333333333333334,15.5,16.333333333333332,17.333333333333332,19.666666666666668,20.0,20.166666666666668
fb7d132ef2b4d26aefc14420810fbda1058aa4152fc444dcef178ec69c26a704,1eb4bc4d46dde55ce59c3fc142c6039386d5dad20fa0644fa97a3dc76148ae81,edcc301ccd7fb5ffbec373f15b4009d8261fca1988d7eb7e4e8f8498dc8d1a6a,19556,8.857142857142858,8.214285714285714,8.428571428571429,8.571428571428571,8.714285714285714,9.357142857142858,9.5,9.857142857142858,10.5
0e01c2e3da9171cad631ae7d55fd447ea64f1c5df2ed181e1eba3a4194ce0bb8,992626b055e9a9e6183176c4eddeda1fdc18729be6f55fa7fef7365c6b2e0779,4aaa6af2d49654150ed87c1b8de409c25e5876e160aa0434141348f93ffbe716,21889,125.0,108.0,108.0,126.0,128.0,129.0,133.0,140.0,144.0
0f18b823c1f76b661aa4cffa52b5af68bda335d798177946ba0679ac49418b85,d0b8e0924e3642f1d4cfa9c8ef548076171d4535fbfdfc7e7e2ccbf83070219c,aaa9c4ce2ba622cddbc6a726997817244ef0266b893f9f3ec4d5a534dd340c74,137927,19.09090909090909,10.454545454545457,11.0,19.272727272727277,19.63636363636364,20.90909090909091,21.545454545454547,21.727272727272727,57.63636363636363
ebf4777f39f4ab1abab24059c5e8629dbb002553708028edfa0b84b0df4bf9e8,5f90b920881c509d44d49599577baf8ae15575e2ea5a92e9500e9d49d0d5fff9,1b97f662a8dc3ac975f234fceadfba51eddd9fd4d4774d145ab704a21379beb5,17238,99.0,99.0,99.0,99.0,99.0,99.0,99.0,99.0,99.0
9e200ded95048c934d4d524943f194d6f1beeaf5f4db731b08fe1d774088fd4a,79c1d8f53e7774086ef35529d5832877b5b0a064a1ce5247ad3a6c56e6ef1711,cb9806913bf4b8c4e63291f51d6f80e2a2389d52c5cdc79d6416425957c1b383,21768,103.0,91.0,94.0,100.0,101.0,107.0,117.0,118.0,118.0
5c66fd258058ec458176680f6839b16221af870530d62fd9942efd7bffe13edb,55d0c10a3893bbf45cc4689dd005089034de50b09461d6f18d8d7e3e78851c15,2d754e15be3719768964da186c7efde2873c70a313e01655822a8ca122be48a8,6079,79.5,64.0,75.0,77.0,79.0,81.0,87.5,95.5,97.5
6116ecebb450055e622e518049e723800a7013fa56cc820a30ccfdf724700485,e9fb2a4115e8cc160df1c2db4e75abb47d51aded277a67718837d96e3ccf36fe,17e7c945cc50d3678e9b28547969833bc6be72e63074556296bb33ada67b3e72,20887,21.83333333333333,18.83333333333333,19.666666666666668,20.5,21.33333333333333,23.5,24.0,24.33333333333333,25.166666666666668
e1706553bf69dd5f59d190f50b94cd114287f296007ce92b41558fac63cc5bca,e9fb2a4115e8cc160df1c2db4e75abb47d51aded277a67718837d96e3ccf36fe,17e7c945cc50d3678e9b28547969833bc6be72e63074556296bb33ada67b3e72,20887,21.83333333333333,18.83333333333333,19.666666666666668,20.5,21.33333333333333,23.5,24.0,24.33333333333333,25.166666666666668
6d3848cb7821436a8784a9875eb312b19b00c69bf075cffae816e60f898abfd1,1374c622b190f038dfd9532539f60d820e0fde958a018678290b69797269682f,e37f5655b68d4c93cbcf39cf24ad14910063b954f45606216fafeb42b48db682,5930,71.5,56.0,66.5,69.5,71.5,76.5,77.5,80.0,80.5
17ffbd427de8a2e82ce6e9dd4a5fb2be20813efd107550b5f6822f7408ae67dd,d3de06548e56163b1cda9fad96342c7b32f07345e787f08e9df255ad168fe130,1befb8ad54b98da50cc466e85c45dc956eacdbd1121944d9afb8b1dc8e4f1967,68967,8.083333333333334,7.5,7.583333333333333,7.833333333333333,8.083333333333334,8.416666666666666,8.75,9.333333333333334,9.583333333333334
de986bd73a9f8369295ff9a13268cdbba34e1fcd9091895af355800670736977,c670532edece09cc871d3e057ac7b8580f10fe1f821712cc3f39b893994bd94e,5cd43cce58f5aaad6655b1a8208f9fe8bd9e6565076f1ddff497ed3d307d8cf3,17905,182.0,80.0,88.0,178.0,187.0,207.0,217.0,222.0,301.0
b2d9a1d08bd177f878cae69709e978ac4571d9402aacb1769cc2e07d8d0e72e8,8fd53fe1aa335f31c8f41f014794badfdbd31def02b17adb839a589de00afb46,72226a68fd8b7a40d6685bd82d22e6287fb108de06bab0ed74c19bbcdda16902,17235,68.0,68.0,68.0,68.0,68.5,68.5,68.5,68.5,68.5
e8c916844dda8d97798dee84315a219e0a4ec145773251473d8e562ae902907d,24e68189f4fbc4a7885cdb849f0b35feebfeea866808810852998c142ac6cf52,954722be0e1ba71a550595de81f9440a099c0bec7c0fd91d35bb6ff7335a9b07,16451,116.0,91.0,101.0,103.0,120.0,122.0,132.0,147.0,159.0
8026030da91dcae24edf7a8a072271b7884317bf15020d9336b3c7bc0470e145,c88966b051e73778dfbe4fa38c001a32cb0c5699441449afb75a74c60c0fda74,d561018af603bb271320de777c1c548ba3cbb3879bb058255b0c647f963c0d53,94479,145.66666666666666,98.33333333333331,123.0,133.33333333333334,142.33333333333334,161.33333333333334,167.33333333333334,172.66666666666666,181.33333333333331
ea6fa882454f2fc082447d0cd52d51427848219099c278c07c806cbbc1a3d6ab,42c8f338dc890d174127dede25682fe1a8f775d406503b8f65d25976780c6c44,a03ad4dc1e4e2664ca3c657b1d2ebfb60c8e7f59ddf4b52f936a607e96f4e7a1,21535,44.5,41.0,42.25,43.75,44.25,45.25,46.5,51.25,65.0
a3ce6f5624173b822974754d878ac653675e10a3d857c18d4aba95ae16ad3d54,9a812208d53b34a898d2424a9dcc7d25d2c9928c1ce47934565f7f6976184441,f7836bca13fa0f6eaeddd7a5ed00d1a229bd450b1335aba7f3a9e87c90367fb3,19070,42.55555555555556,20.55555555555556,22.0,31.88888888888889,38.22222222222222,51.0,77.11111111111111,84.33333333333333,86.55555555555556
de514f47b5e017a9a81c6547d3fbb7566f9bbeea71788c5ab2d1b4a3423d27cf,1224f22514503aeffb96a0f2feb9ef54ffeb33a0a44292951ae084abf7c1f70a,b095dea0d0a7210da0481eac31aff3f2885033da3ebe6b980ac63d4463e71dc6,17249,18.88888888888889,18.11111111111111,18.11111111111111,18.22222222222222,18.77777777777778,19.55555555555556,19.55555555555556,19.55555555555556,24.55555555555556
b932edd190eaf4433a887bfe01f36621637279cd819353e3a07d65b0a6502e81,08f3066237ade543f7b38d98b453a1b9faf12336008c371a2bbf38bd216c049b,b1c4df6917a1e4409dd443ce8e597c500f5360f21a3f96ca57cbecd3347b31f5,23115,66.0,60.0,61.333333333333336,65.0,66.66666666666667,68.0,69.66666666666667,71.33333333333333,130.0
6ebf3ebd2876e935950c7a566d8c766d134321276ce922870bfc98d53655709e,4f22cc38108597dbc58db21c336005849d29bbaa35d441dfdd8d060137a14add,457fa568cb7b44100f9dc53ae292f419f3eb4966a64c1acc09ba0b99aa9cae40,28563,189.0,172.0,179.0,186.0,189.0,193.0,198.0,207.0,293.0
c8b497ed8487b6fc1fec4137c1f62c44b08869f977fce93b8c0323105f531735,e12dd54f8d497f3d00797bfc17a5177bf6ec4c6a47d27bfeb119f94c1cdf1c5b,99eb08430df6a3d57a3db9cba31fbaa4040e832fbcdedce866e22a012dc5348d,21843,4.689655172413793,4.137931034482759,4.206896551724138,4.413793103448276,4.655172413793103,4.931034482758621,5.379310344827586,5.620689655172414,6.137931034482759
61ecb17c5be8d65aaeba67e29442305cd1232a1733fa04735e22593fa46ad852,5814dddfef545eed845d9fd96a574e5e365e9626d68ef798d82eeaf00126416f,df022fb3a1c918f003b2b7fc04baaa08dfda07a5a3718a38c2d87385061d898b,19745,87.5,73.5,78.0,83.0,87.0,90.0,103.5,120.5,125.0
ecea42d32efa4bc3c37b7c2f05cef9e74d37f12317f90d0b6c45179c811aa02b,5814dddfef545eed845d9fd96a574e5e365e9626d68ef798d82eeaf00126416f,23093241c25ccb5a7f4bcd5857b13bb43dcb9a93255c0458d51358a7218c31a8,20044,91.5,73.5,79.5,87.5,92.0,96.0,108.5,111.0,114.5
ff45ceebb91142ea900540d904cd03d4da638f602442590da927d53ec40c2e79,0be5b55e53c55a2d58369aa9a4ac5f9fec0a9b12314fcfa1e1c7a5f0529403e1,54fba5d06dec1691edb390c22cab5a430f072753ebdf94412ee01d313ab9a363,15032,15.555555555555555,12.11111111111111,13.22222222222222,13.444444444444445,14.88888888888889,16.555555555555557,21.22222222222222,22.11111111111111,24.77777777777778
7c751db469652a6fca16a4b0b4d1a5c20f35de5d1677c84f2d8c212c89fc4e77,96b1d1028e71b9ca1d6a1507fc0a9f26b73b122e831cd3f5251762fd48647980,7864fb0e34d97017f4a8398847977b5d35290c9dd947619f477bed197906b65c,29409,21.142857142857142,11.571428571428571,13.428571428571429,14.571428571428571,25.285714285714285,26.857142857142858,29.142857142857142,30.714285714285715,41.71428571428572
d7dd56098245844f303192b8dbec3d4a02f7132778c57a43248098bbe7a7e15b,97d54586702f75291d6673ff400470deaa18625156334b753ab27e97d4330ead,60393a5c156c1905114e7104d51cff90fbf6ca7068c96492a18ff1dd13e5becc,16324,56.35294117647059,7.588235294117647,10.882352941176473,40.70588235294117,62.23529411764706,76.0,86.41176470588235,88.82352941176471,90.29411764705884
d3c611f28f89668aa343262428c700d48fcd54c2d6c52b6242bb67b2ae7fdf13,9002485d1e08ff54ce94c9a8fd6bd286d044d9e516c376da9eaf39592b0d38c0,4bfa718f9518b541cbdccef2ba7fd09413b8cf609f4b690c76fd33f86201cda2,68961,28.0,26.857142857142858,26.857142857142858,27.714285714285715,28.142857142857142,28.714285714285715,28.857142857142858,28.857142857142858,29.285714285714285
1dea6307388fcc2f18f27484fd6105786ec03bcf94b86805edd95126bef1fce7,30a040c035a8ebaf62fe99ffa9db909f7ad68b89ccce26941b5d9d2573df6ec4,11fa0696205731a4d065e76b88004b175bef8308b0e506af1a3275b2af6f2fd1,18928,66.5,53.0,57.5,64.5,66.5,73.0,75.0,77.0,77.0
977934a5810d1c541bb1456d71728f2b13e131f6a3fd15dc3f0f5735c596c6ee,9b5663cba81f71cedbf836a870c9dd398aa3caec17a5a47f8b4c1c41fb3e6c24,afa2946685b7d396acc4e247eff8d22593542a03d20d08a202f30df3b50c0ca4,19679,39.66666666666666,32.333333333333336,36.0,38.333333333333336,39.0,42.333333333333336,44.333333333333336,46.66666666666666,48.66666666666666
93e9c50f4c9f049876bc92f732627abefbb7f3a53a4b7710529fde50c0ac5384,fd8a2430aa1d1b6fb9e059ff6268eabf8bbd77e68a6d5f38195a67820149b0ab,a6e8a4815dc8e1cc93766e7241880eb55b2791a85cd52f67ad830b18a7cb8a5e,74050,24.8,19.2,22.4,23.6,24.8,25.8,27.8,30.0,32.0
efbbed3f7c5111e00a166eeba026ce05820e19785bf3f874f2635f08a5cec5b3,ec8fbb21b22f6c14c0ad6e7df5886b8b331074b481a1505c4b0c268df1bc11d6,d2967980383dbdbb62c1ba92d17047d5e222d8877dc6df4306432c50b31ed433,8282,61.5,49.5,51.5,56.0,58.5,69.0,71.0,71.0,71.5
d044bc0fcabcdf9690f322f3c4014ce72f3460c9b513cac71f5cd678b9c5d45c,d44b2893a9bc29df84d0f5ae678eaa03e9ec45fca4c0ff1c75d2738c1df10f3b,2ae44decad206a642f17fdd20c5e82019947a462befcd6cb061279f4697a8f8d,265,178.0,114.0,124.0,156.0,182.0,208.0,216.0,216.0,216.0
3e0cbe701c1d5f325a7e38a90b0dcec82cedff85da5bf17b419132251c7fe833,c9b13678e1046abacf89ef5b0acacb59caaaa3b0bfc68cd6257cff76c8041651,cfb7c703f49a219dcc9a4b6e2b3f654deb7fbc44e017239b9de666f4791fe1d2,36628,92.0,86.5,89.0,91.5,92.0,93.5,96.0,101.5,148.5
ea4197e1ce9a81eb3f89ac0baed7e89c3bbd7de2a6365c89bb14738f19d428bf,767eafb8bc329e8e68e33166760276190af962b6da4cbe6bb2204615f3b33140,7613ebd0a73d95050942375fcabe69190ae10c8cb44279ed98a4a01fdbd1fb44,11144,107.0,87.0,99.0,101.0,112.0,115.0,116.0,116.0,116.0
2cbc6e74c6c7f1e6946a03ee19880378010ed4f3948cdd9558df1e20a8fc2ace,cab4536b6f941cb760aaac841b7519440eb4b9043ea356dedf01813b6929343f,e593dfd5a2c472da66d07bd2e19fb6c8ca035acdcd37678e002ad536d531cab7,283776,6.611111111111111,5.722222222222222,6.277777777777778,6.333333333333333,6.444444444444445,6.888888888888889,7.666666666666667,7.777777777777778,8.11111111111111
1fa06535203693698b96c9d65f3529e724f80a80af2e779880fe15cf9739fad7,cab4536b6f941cb760aaac841b7519440eb4b9043ea356dedf01813b6929343f,ff2af7e888a9ef3eff36187f6c227e351313982346556b63729007c6ef56e0bc,286567,5.52,4.84,5.04,5.2,5.36,5.6,6.68,6.96,7.36
6b9dc5784ef5cefef7831867c253cf7a5743e37c246bf1b169285c4c8440a6ae,e3ade41b345bb1c6224e1bb10d47fdcfe53328f102c6a810d99144c7f885fda8,61f86a049d2d8147dd989baa5e9601ec472e5c4cce7aa18726a2241931da2f2b,17249,103.0,103.0,103.0,103.0,103.0,103.0,103.0,103.0,103.0
9d49bf0e847d78048034d42b3f87d609211b1417298574c66c5aa182927456fa,b0cef5abde5af025333871d34f8abf8e9dcca2e29a9075591d17060c58458ea0,a151bf09b3dc6cf81f64b456359aa0990247065a203218459215ccff83c9a8cf,21059,24.0,22.2,22.4,22.8,23.4,26.0,26.4,27.2,27.2
7ecdb8bb2d67ccb81fe17a8617d79fecb1bbbe27a375dc8fc1874b213ea2b4bf,5e4f6b8a05f46e0a84cce316a3d82b79ecc547c09f9324a91cd86075f34bb8ea,77d9382dfc5ffb201f7f1c8aff92e39b8cf406f3f8a4acab36bf9fc1efe730d8,17597,58.0,54.0,55.5,56.0,56.0,60.5,60.5,80.5,80.5
03363bc047e8b639d2473e49e925380f78398ff54cd1d5831fc873f3fd2dba56,7c92d3fe5d189a38ecda019604373d81374bb6c3d8ab4917addfee136d0e07a7,29627c108bc63054ea59975be536ee90c985486d3865feb908752048333e58d8,3175,95.0,83.5,87.5,89.5,92.5,104.0,112.0,118.5,122.5
f4009b0c3dc6e7f555213f37cb851342e66ff7cd18aca35a3c5e85b67cd3a67d,49b2d1fd123710a189630f202a8d059e28660cd1f13a98ce7c6ad71b0171fd16,fb66b17fe574b83f81de91e619b81d20d880ca72484eb13da566506226e17111,21557,12.857142857142858,10.285714285714286,11.0,11.714285714285714,11.714285714285714,16.142857142857142,16.571428571428573,16.714285714285715,16.714285714285715
152cc8ccb6a697f9e9c0705eb86e6c716af7bec21241732b612428e98446a6bf,71091aad6b2c3478e13e173128dfe5e1702e34f0a75b9b52c5b7871c60a66aa8,4455d2317c4086f7a97e16a07fd67306cdac0494cd6ac474abc63d15ae1d484f,44767,38.8,20.8,29.0,35.8,41.0,42.0,44.8,50.2,54.8
55e77829dc5340f51341793e494af06f2a3917edb412300f106f5327ddb53382,0098519c5f54498bf78d5d939725f67974e20255e3dc158c02009c42639502fa,c70239f2a250f119074099ac4ef1f92651ac84c4728a3df4a042dbe7d964def8,12505,137.0,103.0,110.0,116.0,130.0,165.0,178.0,185.0,186.0
467c037fe5fbad1adf5c67c816b6f02c1a0831b4f5e4a21d8862d76b5fa42ade,3631c749c7ee9a1943c6136074ae3a8ca08980368f5192e9761e2f14661fcc0e,dd79926347dbe0bcb5b840a2918c9a2de5848c48486c2f1071ecccb2d3e13afd,17253,132.0,132.0,132.0,132.0,132.0,132.0,132.0,133.0,133.0
d5aabcb861e4c99bc425aaaf5640d049866af5d4babbedc70b5d7a41f8514d1d,8fd53fe1aa335f31c8f41f014794badfdbd31def02b17adb839a589de00afb46,26cd19c6a669cef42f7762e288e8ff54ee95bf4c9ea429bc57cdb8cd72a68876,17253,127.0,124.0,128.0,128.0,128.0,128.0,128.0,129.0,129.0
