time,service_name,container_id,success,image_fetch,container_create,container_start,cni,iptables,other
1690704459570469674,/faas.Executor/Execute&295,workload-5367383567590079295,true,1,9063,94254,16178,4061,59
1690704459571423583,/faas.Executor/Execute&665,workload-7418554084053084056,true,1,7995,96338,16101,3721,55
1690704459582380520,/faas.Executor/Execute&602,workload-5054776984293840842,true,0,5451,49981,22078,4094,53
1690704459587175433,/faas.Executor/Execute&238,workload-5361653708380686520,true,1,4459,69257,20333,3902,52
1690704459587312890,/faas.Executor/Execute&5,workload-1770362093507586645,true,1,5616,111327,21298,3994,39
1690704459588004457,/faas.Executor/Execute&215,workload-3222350969643881551,true,1,7864,107460,21696,3227,45
1690704459592670928,/faas.Executor/Execute&292,workload-365669363697951053,true,1,6763,24681,15965,2643,36
1690704459598690526,/faas.Executor/Execute&313,workload-2628052994892766260,true,1,5763,72484,19501,2874,42
1690704459599666857,/faas.Executor/Execute&362,workload-4919280085844168435,true,1,8160,72087,18834,3595,53
1690704459607388999,/faas.Executor/Execute&706,workload-6300647832946223124,true,1,5217,45103,19715,4311,77
1690704459610204860,/faas.Executor/Execute&526,workload-4464928129941422004,true,1,10007,77336,22188,4743,79
1690704459610615800,/faas.Executor/Execute&518,workload-2912878265851094976,true,0,6255,75094,22506,4725,49
1690704459612594771,/faas.Executor/Execute&342,workload-8359178922751166839,true,0,7896,79030,21207,3509,62
1690704459612661476,/faas.Executor/Execute&266,workload-5831913018400686184,true,0,8018,83242,17849,3943,32
1690704459612698025,/faas.Executor/Execute&563,workload-3341148917506063539,true,1,8101,80680,20469,4085,35
1690704459613344858,/faas.Executor/Execute&721,workload-4457183616128873533,true,1,9172,91469,16040,3571,42
1690704459613368001,/faas.Executor/Execute&765,workload-4483590600735922220,true,0,4764,60653,18002,4326,47
1690704459613628881,/faas.Executor/Execute&654,workload-3663108664968837959,true,1,8028,91803,19933,4156,43
1690704459615700335,/faas.Executor/Execute&171,workload-7851187862275161549,true,0,5159,92240,18401,4733,91
1690704459616714206,/faas.Executor/Execute&217,workload-6411131623842644308,true,1,7132,99244,20226,3554,41
1690704459617092395,/faas.Executor/Execute&113,workload-7346037197237371076,true,0,6909,82172,20922,3868,39
1690704459617377680,/faas.Executor/Execute&541,workload-2296233533488241169,true,1,9470,86456,19916,4327,41
1690704459617707549,/faas.Executor/Execute&542,workload-7271182981261866491,true,1,7882,85322,18029,3415,41
1690704459618323223,/faas.Executor/Execute&353,workload-5664046827839645010,true,1,6577,86241,22344,4268,55
1690704459618328343,/faas.Executor/Execute&162,workload-1817030059794839182,true,0,5110,52741,19525,4300,37
1690704459619387870,/faas.Executor/Execute&794,workload-236625376874720862,true,1,6761,44921,17541,2936,62
1690704459619618683,/faas.Executor/Execute&650,workload-4390768589126402245,true,1,5664,51490,20087,4248,50
1690704459621220777,/faas.Executor/Execute&740,workload-6561496144512291490,true,0,7577,46002,19187,3481,42
1690704459621906914,/faas.Executor/Execute&172,workload-3607590463845795221,true,0,6181,48782,16815,2589,32
1690704459622110306,/faas.Executor/Execute&323,workload-7779177210044677882,true,1,6694,53169,19076,3280,46
1690704459623100783,/faas.Executor/Execute&322,workload-8874202951147684329,true,0,6293,50898,15987,3129,58
1690704459623187836,/faas.Executor/Execute&187,workload-3908431490771355498,true,0,5658,91810,20111,3192,34
1690704459625721077,/faas.Executor/Execute&36,workload-8616315082651950427,true,1,8543,91991,19589,5515,50
1690704459628616857,/faas.Executor/Execute&116,workload-1507618680556777761,true,1,7681,97401,20758,2575,29
1690704459629041914,/faas.Executor/Execute&106,workload-1241814451637362417,true,0,8122,95364,20736,3480,56
1690704459629049689,/faas.Executor/Execute&565,workload-7402441532425957077,true,1,7577,98253,22176,3258,106
1690704459629895285,/faas.Executor/Execute&690,workload-8922430377541499237,true,1,10305,97988,22284,3264,40
1690704459631893402,/faas.Executor/Execute&544,workload-9107739484244160514,true,1,5747,70683,19504,2551,55
1690704459632244049,/faas.Executor/Execute&630,workload-2080869470620757627,true,1,6890,54564,20377,3944,44
1690704459633045082,/faas.Executor/Execute&76,workload-835996930353391971,true,0,6579,60789,18138,3434,49
1690704459635768769,/faas.Executor/Execute&372,workload-4379884004212835543,true,1,8032,105817,20342,3096,60
1690704459638674589,/faas.Executor/Execute&249,workload-7765732185693283273,true,0,5147,69531,19710,4093,67
1690704459638687413,/faas.Executor/Execute&87,workload-2153594330360866470,true,1,6666,107958,15853,3870,50
1690704459639660488,/faas.Executor/Execute&688,workload-2946024376419397195,true,0,9217,105584,20243,2922,56
1690704459639727784,/faas.Executor/Execute&501,workload-7202579059576660600,true,0,7430,68585,18146,2673,36
1690704459640887248,/faas.Executor/Execute&757,workload-642058568007822163,true,1,7987,74412,16958,2937,30
1690704459645979126,/faas.Executor/Execute&701,workload-1859007927225203464,true,0,6143,27518,17084,3382,44
1690704459647835798,/faas.Executor/Execute&528,workload-2380175565533067478,true,0,4983,81882,18272,3678,45
1690704459647994726,/faas.Executor/Execute&77,workload-2831825548947542166,true,1,5835,81289,19505,3759,52
1690704459649990349,/faas.Executor/Execute&254,workload-6262301611023208570,true,0,6869,78931,15329,2894,32
1690704459650835364,/faas.Executor/Execute&530,workload-6089461526613003801,true,0,5768,90219,19493,4060,50
1690704459651710525,/faas.Executor/Execute&236,workload-7491963972787502554,true,1,6442,83839,18104,2550,33
1690704459651902956,/faas.Executor/Execute&227,workload-5828182194517659274,true,0,10307,32340,17244,4218,45
1690704459655764627,/faas.Executor/Execute&252,workload-8982499657659937980,true,0,5639,72744,24728,3667,38
1690704459658793518,/faas.Executor/Execute&527,workload-3493803571340197121,true,1,5549,92762,19632,3524,36
1690704459659345923,/faas.Executor/Execute&491,workload-4738120719516605928,true,1,5657,44213,17975,3029,72
1690704459659840060,/faas.Executor/Execute&188,workload-4614243822822208998,true,1,6857,84768,16474,3616,100
1690704459659846993,/faas.Executor/Execute&707,workload-3979618475893531808,true,1,6264,44731,15947,2859,52
1690704459660528751,/faas.Executor/Execute&244,workload-2357597563729767588,true,0,8353,83175,20303,3388,47
1690704459661242680,/faas.Executor/Execute&109,workload-5839024277851346818,true,1,6154,82968,24294,3984,53
1690704459662115437,/faas.Executor/Execute&778,workload-2842998502110296639,true,0,7826,44369,17944,2829,34
1690704459662354124,/faas.Executor/Execute&64,workload-6155975806795093250,true,1,8572,134857,18697,3609,56
1690704459663687525,/faas.Executor/Execute&235,workload-2271224137645221652,true,1,5162,100477,20574,3585,81
1690704459665467683,/faas.Executor/Execute&62,workload-187763729162501091,true,1,8835,88896,21745,3917,36
1690704459668566815,/faas.Executor/Execute&203,workload-245508078447440999,true,0,5757,96706,20450,4093,43
1690704459668892977,/faas.Executor/Execute&412,workload-8353270685624706748,true,0,12423,46740,16079,3002,39
1690704459672495954,/faas.Executor/Execute&472,workload-3784707125570301544,true,1,5651,113826,18760,3553,35
1690704459675178675,/faas.Executor/Execute&89,workload-3572892642802780705,true,0,7092,100154,24251,2710,57
1690704459678656296,/faas.Executor/Execute&317,workload-3542364183076256306,true,0,8594,59556,18068,2873,31
1690704459682135150,/faas.Executor/Execute&225,workload-8455441531581792108,true,0,5379,100829,23810,2933,27
1690704459684296132,/faas.Executor/Execute&762,workload-6709743037975544560,true,1,5605,67435,17269,3060,37
1690704459689088229,/faas.Executor/Execute&97,workload-7074355236484947860,true,0,7212,70569,17407,2787,41
1690704459706493629,/faas.Executor/Execute&645,workload-514098442663591422,true,1,5625,71130,38055,2837,57
1690704459721306518,/faas.Executor/Execute&256,workload-6829685492305394844,true,0,4866,150485,23706,2909,55
1690704459725777662,/faas.Executor/Execute&204,workload-9006701850955951524,true,0,6969,146504,23516,3203,53
1690704459726363310,/faas.Executor/Execute&324,workload-7184112880611215176,true,0,6219,102774,22116,3721,31
1690704459728389200,/faas.Executor/Execute&677,workload-5885138062077739398,true,0,5188,28950,17273,2613,46
1690704459730797526,/faas.Executor/Execute&686,workload-2693514272912979619,true,1,5023,24206,21743,2890,50
1690704459736867238,/faas.Executor/Execute&108,workload-4872999224370965762,true,0,6010,28938,31704,3401,55
1690704459736936258,/faas.Executor/Execute&126,workload-8934639143673392777,true,1,6370,28181,32652,3429,137
1690704459737518099,/faas.Executor/Execute&201,workload-7674873385817552145,true,0,5383,45985,19494,2665,36
1690704459751050346,/faas.Executor/Execute&16,workload-3781614854453631607,true,0,8135,24791,17492,2694,28
1690704459754135962,/faas.Executor/Execute&461,workload-550358015252139590,true,0,5655,54708,15992,3158,31
1690704459761175614,/faas.Executor/Execute&132,workload-8043378358788177695,true,0,5359,31486,49757,2655,60
1690704459762366487,/faas.Executor/Execute&43,workload-311118670011510251,true,0,7623,126000,76813,3763,67
1690704459762958878,/faas.Executor/Execute&209,workload-3876530974533473627,true,0,5992,151667,65524,4290,62
1690704459763088471,/faas.Executor/Execute&728,workload-649820558435505715,true,1,5390,67475,20010,2839,34
1690704459763129688,/faas.Executor/Execute&344,workload-8785675710863285602,true,0,5561,46623,16756,2723,36
1690704459764208161,/faas.Executor/Execute&507,workload-2133201768615627879,true,0,5201,63685,20992,3072,53
1690704459764528852,/faas.Executor/Execute&346,workload-4668585988719065038,true,1,6489,69278,20409,3086,46
1690704459765292875,/faas.Executor/Execute&222,workload-1406470042097982760,true,0,4783,40894,22437,3200,55
1690704459766797276,/faas.Executor/Execute&770,workload-8115329307192358073,true,1,5105,81063,17079,2546,34
1690704459767248603,/faas.Executor/Execute&291,workload-873852048460247064,true,0,5261,48146,17610,3650,82
1690704459768196570,/faas.Executor/Execute&747,workload-4537212755506051667,true,0,6735,44852,20787,2691,41
1690704459776899801,/faas.Executor/Execute&673,workload-6609101162782022345,true,0,5823,74245,19056,2814,38
1690704459779178575,/faas.Executor/Execute&290,workload-4639807720651736822,true,0,5406,56445,24541,4531,80
1690704459779527299,/faas.Executor/Execute&303,workload-924193716184123779,true,0,6398,88648,19005,2701,34
1690704459779805991,/faas.Executor/Execute&371,workload-1433759823060427409,true,0,4781,53036,23187,5320,46
1690704459781462938,/faas.Executor/Execute&6,workload-962008987690714854,true,0,5670,56573,23864,3460,60
1690704459782511024,/faas.Executor/Execute&139,workload-7682887319025243122,true,1,7013,76471,22503,2926,36
1690704459782942493,/faas.Executor/Execute&576,workload-211682384753533792,true,0,4647,51211,21666,3215,34
1690704459784940119,/faas.Executor/Execute&391,workload-4503780129030549083,true,0,7189,81759,20621,2686,35
1690704459786468586,/faas.Executor/Execute&427,workload-2751817989911247430,true,0,5090,74023,21261,2991,33
1690704459786963554,/faas.Executor/Execute&155,workload-6958487866110501429,true,0,5885,69293,22643,3051,37
1690704459787730803,/faas.Executor/Execute&348,workload-1632691389784620706,true,0,7622,54202,37733,4070,135
1690704459788343512,/faas.Executor/Execute&452,workload-8543767024027517486,true,0,5849,83860,20063,2826,36
1690704459788618217,/faas.Executor/Execute&603,workload-8456576790047838878,true,1,4532,55134,22497,3045,51
1690704459790263552,/faas.Executor/Execute&50,workload-8358332771920866671,true,1,6264,99773,16838,2866,57
1690704459793386469,/faas.Executor/Execute&265,workload-2145734401936576473,true,1,4868,89508,17780,2789,52
1690704459794795391,/faas.Executor/Execute&796,workload-1155286793546618453,true,1,5595,91527,22536,2812,54
1690704459801831906,/faas.Executor/Execute&63,workload-5454924960506323386,true,1,7387,95208,20225,2604,30
1690704459803815315,/faas.Executor/Execute&506,workload-6483543793728297528,true,1,7210,71035,23412,3254,41
1690704459803920623,/faas.Executor/Execute&711,workload-8183186536666291526,true,0,8089,79904,23782,3083,35
1690704459804204856,/faas.Executor/Execute&448,workload-5561070993501627336,true,0,4591,97642,25572,3257,44
1690704459804333798,/faas.Executor/Execute&639,workload-5258578487784079075,true,0,4841,80892,25298,3230,60
1690704459805669403,/faas.Executor/Execute&493,workload-4792941865108758982,true,0,8088,64751,42762,4938,54
1690704459807660256,/faas.Executor/Execute&735,workload-5982056338065620753,true,0,5056,76321,49234,3165,37
1690704459809005739,/faas.Executor/Execute&697,workload-5467202965637130183,true,0,4974,99799,22001,2941,37
1690704459811137617,/faas.Executor/Execute&191,workload-609218481478219943,true,0,4896,104814,21351,2688,34
1690704459812746324,/faas.Executor/Execute&165,workload-7281765430032404001,true,0,4761,82677,20760,2929,27
1690704459814043366,/faas.Executor/Execute&357,workload-6928347073531961267,true,0,5187,93356,33975,2659,35
1690704459815066395,/faas.Executor/Execute&219,workload-6305138909634192857,true,0,5509,102556,22420,2851,27
1690704459818043227,/faas.Executor/Execute&497,workload-1671500917403212074,true,0,4482,86318,43880,2606,65
1690704459821614655,/faas.Executor/Execute&450,workload-1792432877873209782,true,0,7879,222794,46967,5682,100
1690704459822188802,/faas.Executor/Execute&61,workload-7147990177354391620,true,0,4287,74710,40279,2901,27
1690704459822601305,/faas.Executor/Execute&276,workload-7612402351280979039,true,0,8653,100716,23178,2982,60
1690704459823124657,/faas.Executor/Execute&59,workload-4088827572148650496,true,1,4838,129570,23611,2817,29
1690704459823562408,/faas.Executor/Execute&745,workload-5364614076980247211,true,0,7773,212886,47836,6485,94
1690704459823583186,/faas.Executor/Execute&206,workload-8290948208720370176,true,0,6110,221156,46722,7408,70
1690704459823702350,/faas.Executor/Execute&474,workload-5394959256830665160,true,0,6100,220170,48777,5349,60
1690704459825663247,/faas.Executor/Execute&742,workload-3386768624068235060,true,1,4674,83402,39629,2597,39
1690704459826128760,/faas.Executor/Execute&358,workload-6783431707256624590,true,1,5924,103686,48110,2720,41
1690704459828313818,/faas.Executor/Execute&2,workload-4208626436980988439,true,0,5143,117624,22665,3001,60
1690704459828340047,/faas.Executor/Execute&596,workload-5729209619227720081,true,0,5063,107612,21945,3008,31
1690704459830095709,/faas.Executor/Execute&623,workload-4847385969485224351,true,0,4991,103075,41548,2597,27
1690704459838514226,/faas.Executor/Execute&149,workload-7774099714383177576,true,1,5329,84303,49181,3316,44
1690704459840631817,/faas.Executor/Execute&90,workload-1920073054378535740,true,1,8913,112024,50936,3767,68
1690704459841646410,/faas.Executor/Execute&582,workload-5399326905801738487,true,0,6699,237966,47678,4932,54
1690704460101218503,/faas.Executor/Execute&202,workload-6726356174225900672,true,1,6124,55859,18261,3198,37
1690704460210955241,/faas.Executor/Execute&522,workload-772732301582252189,true,1,4757,55733,20058,2647,60
1690704460230201083,/faas.Executor/Execute&45,workload-4924009009518346672,true,0,4294,40283,23335,3002,32
1690704460236482302,/faas.Executor/Execute&687,workload-1194772682714491399,true,1,5374,49385,17820,2808,48
1690704460237229183,/faas.Executor/Execute&473,workload-8759668576073046678,true,0,4602,46202,21400,3564,42
1690704460237466248,/faas.Executor/Execute&744,workload-7757129504243878370,true,1,5451,48105,22580,3201,57
1690704460238184935,/faas.Executor/Execute&231,workload-3398153809791090528,true,0,7428,49243,20470,2817,29
1690704460242550963,/faas.Executor/Execute&694,workload-6550315021721362777,true,1,6802,52526,18930,2900,37
1690704460243361573,/faas.Executor/Execute&505,workload-3706644653114238537,true,1,5245,60555,17050,3120,44
1690704460249510454,/faas.Executor/Execute&752,workload-4514475971689785920,true,1,8015,64021,17428,3206,50
1690704460250324671,/faas.Executor/Execute&408,workload-5893099757115655310,true,1,5539,61479,18087,3181,42
1690704460251091239,/faas.Executor/Execute&771,workload-3415321328544798051,true,1,5508,91464,23402,2843,32
1690704460252278445,/faas.Executor/Execute&274,workload-7239374584181925598,true,1,5982,66199,17013,2741,49
1690704460252906713,/faas.Executor/Execute&620,workload-3693098361842799784,true,0,5400,57476,24574,3288,52
1690704460253415998,/faas.Executor/Execute&69,workload-4277147254508644485,true,0,5734,56858,25223,3246,27
1690704460255157273,/faas.Executor/Execute&643,workload-5679242846146438434,true,0,5918,66643,20828,3080,39
1690704460255422361,/faas.Executor/Execute&640,workload-3611099857513575579,true,0,5623,65620,20921,3417,55
1690704460263206658,/faas.Executor/Execute&373,workload-2864854409012270482,true,0,6553,74771,20183,2852,39
1690704460264959535,/faas.Executor/Execute&111,workload-6427092193325239535,true,1,5187,82498,17341,2824,32
1690704460270135392,/faas.Executor/Execute&773,workload-3662525984263109970,true,1,8048,78585,22474,2899,28
1690704460276973515,/faas.Executor/Execute&213,workload-7092682704627197271,true,0,5972,86014,21246,3117,38
1690704460277198447,/faas.Executor/Execute&337,workload-5307549827150720039,true,1,6230,86615,21249,3271,120
1690704460279662518,/faas.Executor/Execute&606,workload-1654600995158793722,true,1,5551,93206,22145,2589,73
1690704460312812574,/faas.Executor/Execute&774,workload-571890444225535581,true,1,5379,24671,18322,2984,34
1690704460315042145,/faas.Executor/Execute&680,workload-8150984059420911519,true,0,7130,27491,20293,3133,33
1690704460316191601,/faas.Executor/Execute&755,workload-7409885943859803025,true,0,7231,27901,21822,2708,58
1690704460326758256,/faas.Executor/Execute&146,workload-8135534805273798250,true,0,5013,42289,16665,3034,33
1690704460339355169,/faas.Executor/Execute&769,workload-6671337120147354236,true,1,5292,53798,17898,2780,55
1690704460341807588,/faas.Executor/Execute&727,workload-4387374635178667956,true,1,5272,24175,17479,2562,32
1690704460346370816,/faas.Executor/Execute&294,workload-5013648105428953805,true,1,7001,61411,17678,2897,53
1690704460347496136,/faas.Executor/Execute&760,workload-2909255012618942758,true,1,5958,60245,20844,4041,106
1690704460349743179,/faas.Executor/Execute&163,workload-7939427099667889314,true,1,4984,23765,17816,2959,42
1690704460354910791,/faas.Executor/Execute&556,workload-2973713139851541584,true,1,5567,27955,21517,3298,39
1690704460356160494,/faas.Executor/Execute&396,workload-8288838170172605707,true,0,4826,27410,22707,3236,46
1690704460356689416,/faas.Executor/Execute&198,workload-3107916886426824115,true,0,4823,24444,17906,2944,45
1690704460361642214,/faas.Executor/Execute&782,workload-2325292882428359842,true,1,5436,72181,20567,3178,38
1690704460361722735,/faas.Executor/Execute&695,workload-2231117306476875540,true,1,8859,69549,24771,2677,40
1690704460362928356,/faas.Executor/Execute&88,workload-106237902003996669,true,0,5807,29938,17596,3083,53
1690704460362942713,/faas.Executor/Execute&777,workload-5707881535222553640,true,0,4858,41469,20836,3063,50
1690704460363911750,/faas.Executor/Execute&483,workload-3898138434397718968,true,0,4655,78089,19295,2895,61
1690704460364272396,/faas.Executor/Execute&52,workload-6244742111477217672,true,1,7132,39476,23971,2488,35
1690704460370441075,/faas.Executor/Execute&311,workload-5654129846007911286,true,0,5533,39686,20801,3512,48
1690704460370682417,/faas.Executor/Execute&561,workload-4683634847362639704,true,1,6206,42270,17315,2640,35
1690704460371434938,/faas.Executor/Execute&320,workload-5854500936747580483,true,1,8841,78157,19700,4084,74
1690704460373055547,/faas.Executor/Execute&13,workload-6378802998104268292,true,0,5716,42766,24226,3314,40
1690704460382689083,/faas.Executor/Execute&164,workload-7930812050812557003,true,1,5750,96077,22716,3756,69
1690704460384974679,/faas.Executor/Execute&607,workload-2296300392520127671,true,1,5922,59365,21447,3217,62
1690704460386069823,/faas.Executor/Execute&85,workload-5205476163504037160,true,0,4841,57763,21914,3072,51
1690704460391047087,/faas.Executor/Execute&733,workload-5987812173349809051,true,0,4744,61276,21912,2983,57
1690704460391386383,/faas.Executor/Execute&634,workload-4162191370086570246,true,1,5150,64556,23234,3365,33
1690704460393361316,/faas.Executor/Execute&671,workload-819762425614735898,true,1,5351,64326,24393,3671,47
1690704460393440886,/faas.Executor/Execute&14,workload-652323692129692110,true,0,5196,62234,16877,2805,50
1690704460394135348,/faas.Executor/Execute&158,workload-1454494060012997206,true,2,5103,58322,24080,3346,64
1690704460394717299,/faas.Executor/Execute&633,workload-6792511578182151633,true,1,6222,64993,22712,4000,78
1690704460399911801,/faas.Executor/Execute&127,workload-7215831661204469027,true,0,6881,58798,34313,4116,67
1690704460401076815,/faas.Executor/Execute&465,workload-2406126623772947812,true,0,4900,108703,22274,4569,39
1690704460402494524,/faas.Executor/Execute&248,workload-4705050959523993291,true,0,5369,67931,26694,3121,43
1690704460407934115,/faas.Executor/Execute&55,workload-5507262532728433650,true,0,5475,67948,32333,3093,48
1690704460412191078,/faas.Executor/Execute&328,workload-2589701942338999119,true,0,5312,70753,26286,3434,50
1690704460412247554,/faas.Executor/Execute&354,workload-5762569811438235798,true,0,4578,70609,27248,3446,47
1690704460412315962,/faas.Executor/Execute&662,workload-7151768284542937078,true,0,5011,88196,17002,3178,43
1690704460412596939,/faas.Executor/Execute&724,workload-241411760540705566,true,1,6176,67449,40994,3479,63
1690704460412671308,/faas.Executor/Execute&17,workload-758693770331117508,true,0,4633,81550,27219,3197,36
1690704460414024185,/faas.Executor/Execute&128,workload-4674619825298489028,true,0,5042,70960,27218,3755,78
1690704460414453360,/faas.Executor/Execute&287,workload-3658561785384630365,true,0,5051,87706,25954,3945,36
1690704460414556103,/faas.Executor/Execute&604,workload-620454531902112033,true,1,5487,68872,29649,4127,95
1690704460415217593,/faas.Executor/Execute&644,workload-7489143994561078831,true,1,5369,118320,32550,3618,31
1690704460416095740,/faas.Executor/Execute&610,workload-8342622659022505101,true,0,5665,81488,31152,3771,53
1690704460418564851,/faas.Executor/Execute&205,workload-1683284046496352534,true,0,7190,76085,31610,3272,36
1690704460419230329,/faas.Executor/Execute&75,workload-2646237145280444295,true,0,6894,79822,31656,3190,28
1690704460430194900,/faas.Executor/Execute&597,workload-8042524333456637078,true,0,6533,84142,38952,3207,44
1690704460440661619,/faas.Executor/Execute&775,workload-1574116887557129866,true,1,5083,25198,19124,3048,85
1690704460442793787,/faas.Executor/Execute&197,workload-6702986428739936,true,0,7134,85410,42692,6492,41
1690704460445239373,/faas.Executor/Execute&734,workload-1041134238708039706,true,1,7487,24487,18025,2914,32
1690704460460386168,/faas.Executor/Execute&484,workload-1324744225749386919,true,0,4773,25841,18671,3579,63
1690704460460736525,/faas.Executor/Execute&240,workload-2355063333401515595,true,0,11621,27591,24956,5665,52
1690704460460830040,/faas.Executor/Execute&574,workload-8880918260078974305,true,0,4885,23164,17848,2978,47
1690704460462907075,/faas.Executor/Execute&419,workload-3797760728830862805,true,1,5538,25764,21778,3004,69
1690704460464302001,/faas.Executor/Execute&443,workload-1399986086055335479,true,1,5102,49468,18588,3464,35
1690704460467158808,/faas.Executor/Execute&428,workload-2437848639405425214,true,0,5372,27354,19328,3689,58
1690704460467846338,/faas.Executor/Execute&352,workload-923134503959467377,true,0,5471,25943,22134,2742,38
1690704460471776408,/faas.Executor/Execute&485,workload-5495742246228049543,true,0,5766,36290,19012,3549,39
1690704460473648378,/faas.Executor/Execute&309,workload-6029298775502527493,true,0,8052,47252,26174,3211,52
1690704460474025756,/faas.Executor/Execute&210,workload-3856791528612503459,true,1,6883,25683,30929,4175,43
1690704460480883406,/faas.Executor/Execute&407,workload-8766683264251901344,true,0,5245,42368,18298,2652,42
1690704460485539548,/faas.Executor/Execute&193,workload-3226464051316157674,true,1,5566,67776,20389,3034,53
1690704460486945634,/faas.Executor/Execute&664,workload-3274656092035374095,true,0,6576,46303,21754,3316,36
1690704460487375080,/faas.Executor/Execute&93,workload-6785596926236173690,true,1,7263,57434,126194,3131,66
1690704460488015701,/faas.Executor/Execute&612,workload-143329395975647872,true,1,5329,28705,20185,4497,59
1690704460488574980,/faas.Executor/Execute&369,workload-7597243675312346428,true,1,5491,65862,22794,3121,51
1690704460489403564,/faas.Executor/Execute&404,workload-6315908674184534053,true,0,5271,27807,23960,4548,57
1690704460491629128,/faas.Executor/Execute&271,workload-889061456626969199,true,1,5274,26787,41507,3935,34
1690704460491755835,/faas.Executor/Execute&647,workload-4272995147915705231,true,1,6828,25998,24606,5548,72
1690704460492823587,/faas.Executor/Execute&229,workload-2611479375249398724,true,0,4491,48928,25327,3310,48
1690704460493337561,/faas.Executor/Execute&567,workload-4392371455315434985,true,0,4765,24769,18032,4652,42
1690704460493602218,/faas.Executor/Execute&151,workload-7063148410961220634,true,0,4728,51139,24504,3462,38
1690704460494841672,/faas.Executor/Execute&331,workload-6774592444484927730,true,0,5466,28677,22667,2716,58
1690704460498051471,/faas.Executor/Execute&273,workload-6209052797932559987,true,1,7419,28694,18465,2811,35
1690704460498214036,/faas.Executor/Execute&114,workload-4818688570629703034,true,0,4942,24980,28880,3497,56
1690704460498366302,/faas.Executor/Execute&131,workload-6116805093519477433,true,0,7242,25451,32069,3572,136
1690704460498781671,/faas.Executor/Execute&360,workload-16708608241360593,true,0,7295,27313,24790,3138,36
1690704460499244328,/faas.Executor/Execute&71,workload-4141836370755489232,true,0,7809,25157,23407,3180,35
1690704460499894938,/faas.Executor/Execute&554,workload-6668407345070264248,true,1,5677,64389,16893,2794,31
1690704460500733020,/faas.Executor/Execute&451,workload-8710450505874344085,true,0,5098,27966,25593,3057,58
1690704460500770641,/faas.Executor/Execute&608,workload-1502166102536763556,true,0,5407,30316,30151,2705,31
1690704460504009434,/faas.Executor/Execute&214,workload-1708024461116951733,true,0,5103,47964,17807,2883,30
1690704460504210451,/faas.Executor/Execute&579,workload-2092652031687654398,true,0,7220,25083,31577,2999,37
1690704460505396546,/faas.Executor/Execute&233,workload-2156196694331229378,true,1,5549,65220,18126,3447,58
1690704460505737325,/faas.Executor/Execute&316,workload-33981050470804378,true,1,5436,43365,16399,3402,35
1690704460506652711,/faas.Executor/Execute&402,workload-8187128975040279796,true,0,5866,32954,23142,3214,40
1690704460509410974,/faas.Executor/Execute&731,workload-6069529208822432201,true,0,4926,45812,24485,3114,25
1690704460511991242,/faas.Executor/Execute&270,workload-38675065072670219,true,1,5390,69505,23659,2806,40
1690704460512793727,/faas.Executor/Execute&457,workload-2758281807178382505,true,1,5943,50585,21094,2617,30
1690704460516183163,/faas.Executor/Execute&569,workload-769403180819206022,true,1,5453,60163,16997,2681,34
1690704460517781661,/faas.Executor/Execute&632,workload-3636440427013233222,true,0,5932,49744,18791,2999,36
1690704460521244445,/faas.Executor/Execute&702,workload-4333470359149761919,true,0,5989,35567,43429,2991,61
1690704460521417760,/faas.Executor/Execute&437,workload-3220239616931777912,true,0,4475,57032,19913,3352,53
1690704460521705880,/faas.Executor/Execute&598,workload-804128567719768396,true,0,5553,61881,17669,2760,42
1690704460522801264,/faas.Executor/Execute&234,workload-9012673155666674134,true,0,5502,81691,24275,3145,35
1690704460523352087,/faas.Executor/Execute&739,workload-7232842271522816740,true,1,5074,98433,24303,3594,66
1690704460524312368,/faas.Executor/Execute&304,workload-1793418674490236054,true,1,5560,64422,20836,3775,51
1690704460526558701,/faas.Executor/Execute&436,workload-8817763158870376348,true,0,5551,83444,26194,2707,40
1690704460527202949,/faas.Executor/Execute&25,workload-4989589494512978311,true,1,5523,92880,36237,3056,66
1690704460530493419,/faas.Executor/Execute&138,workload-7639181212816054670,true,0,6290,63346,22859,3123,43
1690704460530607363,/faas.Executor/Execute&653,workload-1492809910517687149,true,0,4245,64089,19279,2928,42
1690704460532721528,/faas.Executor/Execute&625,workload-2291094296567837197,true,1,5443,67741,23728,2699,28
1690704460532824631,/faas.Executor/Execute&186,workload-127449021123448559,true,1,4692,70378,21101,3040,33
1690704460533150683,/faas.Executor/Execute&548,workload-3641995852955468052,true,0,5385,63805,23417,2999,31
1690704460534843608,/faas.Executor/Execute&750,workload-3949377848093775850,true,1,6157,186482,44632,3791,102
1690704460535124875,/faas.Executor/Execute&581,workload-6944260635002686059,true,0,4545,56928,29997,2991,36
1690704460535207199,/faas.Executor/Execute&124,workload-8766534339037268195,true,0,4255,71876,21597,2824,28
1690704460535407545,/faas.Executor/Execute&53,workload-5883005315300899919,true,0,5927,67407,20170,3548,35
1690704460539491193,/faas.Executor/Execute&434,workload-4680149770355117091,true,0,6215,28120,60923,5979,83
1690704460547818449,/faas.Executor/Execute&326,workload-4590448652165860066,true,0,4336,84275,24880,2881,32
1690704460551082810,/faas.Executor/Execute&479,workload-7880185565953758174,true,0,7033,67486,38853,3151,42
1690704460551242049,/faas.Executor/Execute&282,workload-4973488919199993902,true,0,5783,101116,27359,3160,39
1690704460554782759,/faas.Executor/Execute&444,workload-1662434117919639018,true,0,4975,83352,28010,2718,31
1690704460554838384,/faas.Executor/Execute&40,workload-988234297298234438,true,0,5228,63970,49956,3806,38
1690704460554844064,/faas.Executor/Execute&315,workload-4154995743827152505,true,0,4521,76968,62372,2986,70
1690704460555705159,/faas.Executor/Execute&120,workload-7372659711507802861,true,1,7718,206393,44490,3992,70
1690704460556578807,/faas.Executor/Execute&780,workload-2841855937744360863,true,1,6036,78005,54093,4029,58
1690704460556606329,/faas.Executor/Execute&56,workload-5691732476557424924,true,1,7891,82286,24517,3149,60
1690704460562612322,/faas.Executor/Execute&708,workload-5742623865909796089,true,1,6399,88690,54925,3216,37
1690704460563170278,/faas.Executor/Execute&167,workload-8050286893828355361,true,0,5008,24300,17213,2953,31
1690704460565519965,/faas.Executor/Execute&478,workload-3635315690050229059,true,0,5368,23814,17895,3301,44
1690704460574388526,/faas.Executor/Execute&28,workload-5965377574103122169,true,1,7755,25591,20028,3692,40
1690704460575148330,/faas.Executor/Execute&65,workload-4956934303953713499,true,0,5330,25318,19908,5664,57
1690704460580956512,/faas.Executor/Execute&211,workload-7569524984309647151,true,0,4874,24684,17501,3277,58
1690704460582510196,/faas.Executor/Execute&521,workload-3159353640468813213,true,0,5922,27212,23407,3341,30
1690704460583385588,/faas.Executor/Execute&776,workload-1164243084648770613,true,0,5813,26115,22107,3419,43
1690704460585220439,/faas.Executor/Execute&110,workload-406083789243044455,true,1,8337,43491,17739,2755,32
1690704460586405561,/faas.Executor/Execute&737,workload-791237001382455147,true,0,5809,29009,33743,3796,56
1690704460586701426,/faas.Executor/Execute&10,workload-7142894454022064915,true,0,8789,37369,19093,3774,41
1690704460587275292,/faas.Executor/Execute&12,workload-4143621902414899178,true,0,6295,24578,23630,3189,36
1690704460588774213,/faas.Executor/Execute&135,workload-250328873460209429,true,0,4872,28779,21669,3219,40
1690704460590536127,/faas.Executor/Execute&689,workload-7032049576970164121,true,0,5717,29567,17479,2913,31
1690704460592441781,/faas.Executor/Execute&469,workload-1820950855131661220,true,0,4559,28151,22252,3000,26
1690704460596979751,/faas.Executor/Execute&621,workload-5042866969965515853,true,1,5117,42435,17367,2860,40
1690704460601708759,/faas.Executor/Execute&685,workload-8815577758212259234,true,1,7001,44099,18779,2961,53
1690704460603777990,/faas.Executor/Execute&502,workload-6987348194516509332,true,0,7223,31007,42369,3883,121
1690704460605774113,/faas.Executor/Execute&767,workload-3082491214645456751,true,10,7028,32661,42259,4218,56
1690704460607258447,/faas.Executor/Execute&279,workload-332756367158201656,true,0,5055,30505,38213,3588,42
1690704460614196768,/faas.Executor/Execute&531,workload-1170703413539352379,true,0,4517,47184,24215,4126,53
1690704460614879438,/faas.Executor/Execute&500,workload-4424587742640233946,true,0,4978,62449,25171,3770,59
1690704460620351700,/faas.Executor/Execute&666,workload-1538843297375060577,true,1,4956,78873,19024,3055,43
1690704460621921023,/faas.Executor/Execute&713,workload-9112158965871335887,true,0,6345,64029,17585,3026,56
1690704460622297058,/faas.Executor/Execute&54,workload-7306312636726448790,true,0,4673,70375,18756,3201,56
1690704460622940865,/faas.Executor/Execute&389,workload-2378416971948407656,true,0,8863,54974,19088,4473,67
1690704460628588006,/faas.Executor/Execute&336,workload-4140916742784359391,true,1,6300,78641,23872,4923,63
1690704460637785514,/faas.Executor/Execute&399,workload-3979705804020209873,true,0,4332,66864,26245,4236,36
1690704460638278859,/faas.Executor/Execute&499,workload-7103148892417867639,true,1,4784,76255,29004,4077,61
1690704460639554321,/faas.Executor/Execute&189,workload-2534752907040556820,true,1,5640,25860,25705,4314,82
1690704460639775656,/faas.Executor/Execute&611,workload-4598690181619675850,true,0,6213,28378,22775,3190,56
1690704460640045261,/faas.Executor/Execute&223,workload-5128372086453824749,true,1,6424,29021,23220,3143,47
1690704460641767601,/faas.Executor/Execute&403,workload-8018493016383975331,true,1,6517,27001,24947,5576,53
1690704460642704718,/faas.Executor/Execute&601,workload-8787366186962231378,true,0,4968,85592,22990,3515,39
1690704460642780290,/faas.Executor/Execute&792,workload-2467821639951824033,true,0,4413,24528,21405,3428,40
1690704460643568999,/faas.Executor/Execute&289,workload-5460485681430478666,true,1,6943,25729,23045,3600,69
1690704460644956281,/faas.Executor/Execute&379,workload-2996204319000997699,true,0,4401,30143,23472,3192,41
1690704460646640940,/faas.Executor/Execute&260,workload-2914680531932347687,true,1,4697,25465,29060,3956,82
1690704460647176945,/faas.Executor/Execute&729,workload-3629380738136568737,true,0,5128,25627,17091,2700,76
1690704460649106554,/faas.Executor/Execute&595,workload-2848156836570469928,true,1,5144,70452,32715,3661,52
1690704460649253549,/faas.Executor/Execute&332,workload-1442560232518250444,true,0,4898,26413,32409,3441,68
1690704460653812078,/faas.Executor/Execute&19,workload-798631353634611465,true,0,6678,75404,44585,3712,63
1690704460654121388,/faas.Executor/Execute&524,workload-172674932894640635,true,0,6253,80868,44443,4460,66
1690704460654418766,/faas.Executor/Execute&460,workload-3913841456823151752,true,0,5464,72869,47300,4206,174
1690704460654529253,/faas.Executor/Execute&243,workload-3924872812984546193,true,1,5051,26214,22168,5421,61
1690704460654844224,/faas.Executor/Execute&684,workload-2743558422594307626,true,0,6125,25711,22556,3440,61
1690704460656390534,/faas.Executor/Execute&406,workload-3745688941367996361,true,1,5139,26452,39077,3162,63
1690704460657023521,/faas.Executor/Execute&519,workload-1751512305725917105,true,0,4670,28982,28460,3500,64
1690704460657731969,/faas.Executor/Execute&417,workload-2414713819853751273,true,0,4631,24803,36409,3695,38
1690704460659246249,/faas.Executor/Execute&312,workload-6762509616079498485,true,1,4537,25553,33931,3070,46
1690704460663169416,/faas.Executor/Execute&459,workload-2407935586505916642,true,0,4840,29169,39819,4342,68
1690704460664520279,/faas.Executor/Execute&424,workload-7112819948196028306,true,0,6025,30648,43472,3333,34
1690704460667943689,/faas.Executor/Execute&508,workload-206507341053680752,true,0,6810,27105,30128,3176,49
1690704460668359529,/faas.Executor/Execute&31,workload-1877945728471203381,true,0,6443,25858,31118,3217,40
1690704460671734979,/faas.Executor/Execute&305,workload-287643454962527226,true,1,4855,30619,40388,5162,73
1690704460672175074,/faas.Executor/Execute&414,workload-4328699810601733606,true,0,6891,29562,36385,5593,59
1690704460672491939,/faas.Executor/Execute&33,workload-2826129750613795767,true,0,5744,25189,48222,4683,84
1690704460672754641,/faas.Executor/Execute&301,workload-2311849927190975096,true,0,6141,39171,47548,3561,61
1690704460674373036,/faas.Executor/Execute&787,workload-8169830317290232235,true,1,4687,45753,19652,2838,35
1690704460675522161,/faas.Executor/Execute&9,workload-4331032467797881266,true,0,4595,46135,33030,5999,35
1690704460675796565,/faas.Executor/Execute&629,workload-2299262720368928677,true,0,7649,26195,33499,5888,46
1690704460680786944,/faas.Executor/Execute&587,workload-5717397275545027970,true,0,4545,70774,20827,4326,53
1690704460681514588,/faas.Executor/Execute&795,workload-1502475879000201427,true,1,6419,54215,22954,3034,39
1690704460682320590,/faas.Executor/Execute&239,workload-2203838028134918422,true,0,5393,52240,40294,3756,65
1690704460682448300,/faas.Executor/Execute&712,workload-2309708299629587218,true,0,5996,48267,19155,3007,35
1690704460683476217,/faas.Executor/Execute&150,workload-5206570978174561979,true,0,5673,46264,22604,3190,51
1690704460684538098,/faas.Executor/Execute&720,workload-4996019296876209020,true,0,4725,53151,23150,3552,37
1690704460684991649,/faas.Executor/Execute&651,workload-8211860997459754472,true,0,5694,38194,38749,3026,53
1690704460685912396,/faas.Executor/Execute&571,workload-1887327969786308671,true,0,5380,46587,23537,3265,38
1690704460686926397,/faas.Executor/Execute&130,workload-8840042603955586811,true,0,5342,49636,24754,2889,35
1690704460688639820,/faas.Executor/Execute&381,workload-4167375117389957526,true,0,5694,46180,34637,3292,31
1690704460689244184,/faas.Executor/Execute&42,workload-8701965305118531361,true,0,6316,49475,23191,3442,32
1690704460690446979,/faas.Executor/Execute&73,workload-6697006109613862982,true,1,5736,47921,30350,3437,57
1690704460691322301,/faas.Executor/Execute&86,workload-8505837717969303158,true,0,5515,62941,24496,3210,31
1690704460694081064,/faas.Executor/Execute&589,workload-8012417392256639095,true,0,4719,63564,32633,3633,56
1690704460694168508,/faas.Executor/Execute&129,workload-2690387379322174571,true,1,5401,71855,34607,3637,41
1690704460694365658,/faas.Executor/Execute&247,workload-471141570897697970,true,1,4872,72175,26657,3812,33
1690704460694762803,/faas.Executor/Execute&513,workload-3436175526503164696,true,0,4962,48022,32835,3612,44
1690704460695753180,/faas.Executor/Execute&212,workload-5958750521412984739,true,0,6368,76094,22809,3085,35
1690704460696582115,/faas.Executor/Execute&670,workload-9050917188877372170,true,0,10146,32649,69885,4939,58
1690704460697613890,/faas.Executor/Execute&361,workload-1327767160957226051,true,1,6918,74196,24862,3734,39
1690704460699747050,/faas.Executor/Execute&281,workload-8961951138929957747,true,1,4800,85148,23523,3305,33
1690704460701328666,/faas.Executor/Execute&327,workload-3373493621606552787,true,0,7181,56848,25380,2814,41
1690704460705188805,/faas.Executor/Execute&490,workload-5622116634463348959,true,0,6469,34728,80533,3852,44
1690704460705412274,/faas.Executor/Execute&84,workload-5218009018762036089,true,0,5069,25148,20932,2810,49
1690704460705846388,/faas.Executor/Execute&338,workload-794907223687382158,true,0,8489,49214,42317,3518,42
1690704460706514902,/faas.Executor/Execute&533,workload-4803851134952587081,true,1,9662,50553,61102,3721,43
1690704460706966378,/faas.Executor/Execute&306,workload-7296949708463972418,true,0,7061,64052,25646,3790,30
1690704460708292635,/faas.Executor/Execute&520,workload-8875312419428936447,true,0,5941,96095,77115,4297,46
1690704460708735195,/faas.Executor/Execute&82,workload-4934013813307941301,true,0,4884,76385,26273,3428,52
1690704460709145715,/faas.Executor/Execute&207,workload-1081217408049948757,true,0,8529,83661,77294,5162,57
1690704460709408478,/faas.Executor/Execute&455,workload-6116600572283332738,true,0,4803,24256,19852,2696,26
1690704460709838905,/faas.Executor/Execute&486,workload-4638640053367761873,true,1,4747,25034,29911,4321,79
1690704460716386453,/faas.Executor/Execute&144,workload-7318603609070385752,true,1,5373,42862,18787,3219,37
1690704460716957114,/faas.Executor/Execute&92,workload-7395486995550421086,true,1,5378,83362,23812,3256,60
1690704460717359368,/faas.Executor/Execute&768,workload-1999230726200081684,true,0,6346,81621,21898,3613,61
1690704460717523486,/faas.Executor/Execute&307,workload-8653212743977582057,true,0,6714,32499,93353,4984,45
1690704460717819801,/faas.Executor/Execute&385,workload-3669858250265585132,true,1,5724,85971,24284,3277,52
1690704460722838984,/faas.Executor/Execute&539,workload-3463861339391173208,true,1,6168,49062,17854,2818,45
1690704460724214924,/faas.Executor/Execute&168,workload-5559165824534713486,true,1,6849,27008,22627,5311,71
1690704460724733927,/faas.Executor/Execute&489,workload-5836763481718894480,true,0,6823,28356,20981,5834,117
1690704460725283037,/faas.Executor/Execute&18,workload-4360400694782220406,true,0,4138,26519,37697,4378,46
1690704460725880878,/faas.Executor/Execute&37,workload-1102405401002895119,true,0,5562,91108,20528,3607,66
1690704460730133163,/faas.Executor/Execute&594,workload-8314402847920359901,true,1,6572,47465,21293,3010,42
1690704460730563800,/faas.Executor/Execute&377,workload-7344512558236758848,true,0,4955,110749,21510,3462,44
1690704460731292697,/faas.Executor/Execute&310,workload-6836588615354191899,true,1,5735,26085,28380,2786,31
1690704460731807312,/faas.Executor/Execute&663,workload-9019986528288549544,true,1,8785,51310,19930,3885,67
1690704460732816565,/faas.Executor/Execute&241,workload-7493759658337993256,true,1,10990,25098,22666,2826,47
1690704460733653585,/faas.Executor/Execute&509,workload-2869284178258818635,true,1,9130,48531,27666,4112,44
1690704460733704881,/faas.Executor/Execute&655,workload-3779685143913425755,true,0,7276,30827,28093,4238,83
1690704460733904746,/faas.Executor/Execute&359,workload-3881955512509551022,true,0,6749,78352,39848,4297,50
1690704460734848115,/faas.Executor/Execute&380,workload-192676781528135493,true,0,5201,103436,24792,3350,47
1690704460737337653,/faas.Executor/Execute&562,workload-2051022529648965139,true,0,5130,40787,19151,2942,33
1690704460739967224,/faas.Executor/Execute&758,workload-746583486905658400,true,0,6289,61949,17544,3131,46
1690704460740159655,/faas.Executor/Execute&286,workload-4636775587018640253,true,0,6571,97906,32104,3142,47
1690704460740254753,/faas.Executor/Execute&667,workload-6093621112994334297,true,0,4804,26231,20621,3258,68
1690704460740790087,/faas.Executor/Execute&580,workload-7879749938547140481,true,0,5629,107330,38686,4463,55
1690704460741477306,/faas.Executor/Execute&125,workload-6139501783447765937,true,0,5821,83831,37302,5556,52
1690704460741558007,/faas.Executor/Execute&683,workload-5071703371002125908,true,1,4977,25577,24955,3215,60
1690704460742067873,/faas.Executor/Execute&754,workload-3241545728670883759,true,0,5453,53502,21193,3264,51
1690704460742126203,/faas.Executor/Execute&410,workload-2105866650579138862,true,0,8793,80141,72171,5745,72
1690704460742246829,/faas.Executor/Execute&94,workload-9153896966979227100,true,0,7834,30959,106828,6443,47
1690704460744951952,/faas.Executor/Execute&445,workload-4152604153433923019,true,0,4536,79080,70024,5982,36
1690704460746518640,/faas.Executor/Execute&341,workload-2400895732441103347,true,0,5977,32755,105391,9871,87
1690704460746591357,/faas.Executor/Execute&375,workload-6390950601399335826,true,0,8234,38109,109988,7764,160
1690704460746899975,/faas.Executor/Execute&0,workload-2351257328956952148,true,0,5165,77616,61903,7763,41
1690704460747251995,/faas.Executor/Execute&102,workload-3628471695410830900,true,1,5716,72094,83862,8412,80
1690704460747438515,/faas.Executor/Execute&387,workload-4898282604997374368,true,0,7668,84868,55686,6206,56
1690704460748692306,/faas.Executor/Execute&160,workload-4670699963072390005,true,0,5225,33009,26646,3203,41
1690704460748776474,/faas.Executor/Execute&714,workload-2031876112141248865,true,1,9105,89712,56148,7309,47
1690704460748981669,/faas.Executor/Execute&79,workload-7014197093784238915,true,1,11853,86340,54912,3983,83
1690704460749091785,/faas.Executor/Execute&366,workload-6339343450664779078,true,0,6167,110199,51558,3949,37
1690704460749248049,/faas.Executor/Execute&585,workload-7570442928427895076,true,0,8861,85610,53103,4244,46
1690704460749499630,/faas.Executor/Execute&652,workload-568301746762397381,true,0,6068,64262,70089,5563,290
1690704460749589669,/faas.Executor/Execute&496,workload-5166624071141388139,true,0,5976,50367,79111,10622,30
1690704460750419956,/faas.Executor/Execute&618,workload-9065203055495056679,true,1,9682,87910,58139,8602,40
1690704460750790090,/faas.Executor/Execute&681,workload-7590708296500437438,true,0,5970,108067,39708,2962,33
1690704460753947792,/faas.Executor/Execute&674,workload-5737892756636850497,true,0,11012,31523,24690,3240,52
1690704460755139066,/faas.Executor/Execute&751,workload-4969253825572795206,true,0,6093,106092,43861,3192,49
1690704460757369138,/faas.Executor/Execute&134,workload-8181888783521768771,true,0,5459,24768,18334,3472,50
1690704460757390999,/faas.Executor/Execute&511,workload-3114831646542174098,true,1,5894,42766,20999,3231,37
1690704460758610486,/faas.Executor/Execute&730,workload-6158906809019749867,true,1,5134,64879,21912,2869,32
1690704460760346812,/faas.Executor/Execute&786,workload-5184395114377489323,true,0,7273,54448,101376,6246,52
1690704460763154037,/faas.Executor/Execute&283,workload-1406641677006571349,true,0,5376,27495,19374,4098,68
1690704460763725538,/faas.Executor/Execute&393,workload-4380795702604352654,true,0,7682,75160,20158,3178,51
1690704460764146818,/faas.Executor/Execute&200,workload-4789469692161966135,true,0,6968,84428,60882,4147,62
1690704460764721376,/faas.Executor/Execute&573,workload-678764634288875334,true,0,6217,35203,53460,4277,33
1690704460765568855,/faas.Executor/Execute&614,workload-755934679207937439,true,1,7627,85087,60818,3949,50
1690704460765915916,/faas.Executor/Execute&60,workload-2313533134933527622,true,1,5173,33462,18809,2649,35
1690704460766322358,/faas.Executor/Execute&715,workload-6329038211981697239,true,0,5265,25316,22499,3423,35
1690704460766801727,/faas.Executor/Execute&766,workload-2818442960938192975,true,0,4608,24779,20328,3201,37
1690704460766818759,/faas.Executor/Execute&350,workload-56017607896630681,true,0,5227,82845,23331,3220,37
1690704460767060252,/faas.Executor/Execute&703,workload-8565585067350716060,true,0,4919,33416,21227,3453,35
1690704460768241357,/faas.Executor/Execute&11,workload-1097656796227361592,true,1,6359,26653,18740,2863,52
1690704460770378354,/faas.Executor/Execute&27,workload-3980428885592064144,true,1,6807,71165,22729,3386,35
1690704460770560666,/faas.Executor/Execute&376,workload-6514360124539372475,true,0,5016,31564,21770,3725,52
1690704460771311965,/faas.Executor/Execute&423,workload-6999206393157623485,true,0,8549,32028,69613,4601,68
1690704460771416030,/faas.Executor/Execute&230,workload-4702063408452628534,true,1,5099,80750,24964,3629,35
1690704460771953829,/faas.Executor/Execute&383,workload-8883162724767220713,true,0,4506,55945,25809,3244,43
1690704460773045466,/faas.Executor/Execute&454,workload-2727499088038522119,true,1,5929,31845,67949,3462,70
1690704460773598844,/faas.Executor/Execute&250,workload-3864377867971104745,true,1,6672,85809,30424,4091,70
1690704460777334298,/faas.Executor/Execute&58,workload-6436926120611231920,true,0,8520,59787,21030,3031,54
1690704460780126895,/faas.Executor/Execute&104,workload-3758548959865879161,true,1,6001,48444,36956,3788,60
1690704460781021333,/faas.Executor/Execute&679,workload-176899889736583003,true,0,5306,69139,22448,3064,35
1690704460782352629,/faas.Executor/Execute&182,workload-6402317943631026431,true,0,6206,47573,18188,3305,36
1690704460783182927,/faas.Executor/Execute&115,workload-6405996716727003071,true,0,5598,25930,18867,2800,51
1690704460787198266,/faas.Executor/Execute&364,workload-1277313565930055098,true,0,5887,27007,18354,2792,33
1690704460790219973,/faas.Executor/Execute&440,workload-617428348775596725,true,1,7974,28248,19574,3439,53
1690704460791004635,/faas.Executor/Execute&624,workload-8541294460662791309,true,1,4433,54823,22181,3234,38
1690704460791395758,/faas.Executor/Execute&559,workload-2643009231795402122,true,0,4922,113693,17834,3149,39
1690704460791418030,/faas.Executor/Execute&763,workload-6037603907965441618,true,1,4640,78177,23392,3267,51
1690704460798521922,/faas.Executor/Execute&435,workload-2817634891912489665,true,1,6449,36621,18636,3164,57
1690704460799538027,/faas.Executor/Execute&261,workload-7477390630757108619,true,0,4274,35870,44931,3730,41
1690704460799654516,/faas.Executor/Execute&722,workload-595118575620997843,true,0,5160,111738,21712,2770,35
1690704460799943938,/faas.Executor/Execute&648,workload-6118689784395678598,true,0,4985,89919,106098,5408,163
1690704460800188898,/faas.Executor/Execute&183,workload-8884593822892277914,true,0,5091,61332,48083,4148,40
1690704460800254942,/faas.Executor/Execute&552,workload-2347016795621731450,true,0,6079,77646,47489,4149,57
1690704460800737106,/faas.Executor/Execute&181,workload-511060489124957085,true,1,9615,89655,44912,3690,37
1690704460801426158,/faas.Executor/Execute&761,workload-2044149280432623015,true,0,6615,85706,106160,6720,44
1690704460801683400,/faas.Executor/Execute&107,workload-5294149185799325650,true,0,6387,80369,107957,7315,70
1690704460802932693,/faas.Executor/Execute&557,workload-4593811162961126837,true,1,5996,97967,34781,8291,45
1690704460811148160,/faas.Executor/Execute&325,workload-8929368534643636179,true,1,8372,41567,47354,3533,69
1690704460812073104,/faas.Executor/Execute&453,workload-5756786893301040973,true,0,4577,51475,43213,3426,65
1690704460813865505,/faas.Executor/Execute&732,workload-3416703799931068578,true,0,8160,44144,47046,3523,52
1690704460817577667,/faas.Executor/Execute&741,workload-6260069019900869530,true,0,5487,82054,18038,3031,37
1690704460818828142,/faas.Executor/Execute&447,workload-2695068088399390391,true,1,5114,59455,47961,3132,32
1690704460819169262,/faas.Executor/Execute&142,workload-6048780602656578257,true,0,4861,31404,47679,3334,28
1690704460821176355,/faas.Executor/Execute&622,workload-1398327091037860596,true,1,9808,58634,19485,2815,36
1690704460838144005,/faas.Executor/Execute&228,workload-3797014269069076732,true,1,8793,81947,80143,4075,43
1690704460839489428,/faas.Executor/Execute&676,workload-557919898864805447,true,1,6257,78851,80540,4830,56
1690704460839749726,/faas.Executor/Execute&753,workload-5088767920750659326,true,0,6025,79087,18837,3003,38
1690704460841364233,/faas.Executor/Execute&613,workload-4013785622605609022,true,0,8085,127022,18871,3126,50
1690704460853649933,/faas.Executor/Execute&637,workload-6905813208454210014,true,1,12327,57840,45807,3297,53
1690704460879875904,/faas.Executor/Execute&682,workload-6306662897071113858,true,1,14201,105096,22644,3274,41
1690704460880468085,/faas.Executor/Execute&488,workload-8760244378219701743,true,0,14872,105013,22087,3292,45
1690704460883464253,/faas.Executor/Execute&72,workload-1280465840005199471,true,0,6227,58018,82379,5205,50
1690704460895424152,/faas.Executor/Execute&318,workload-5257737172015012827,true,0,5618,125959,28631,2935,38
1690704460956517820,/faas.Executor/Execute&558,workload-6563193837179280117,true,0,6321,25367,19264,3288,38
1690704460970999036,/faas.Executor/Execute&145,workload-5965222435085554938,true,0,5162,46604,23606,3105,44
1690704460972542701,/faas.Executor/Execute&605,workload-5604359090095557214,true,0,5189,25950,48445,4206,67
1690704460984213237,/faas.Executor/Execute&343,workload-8675710389737191577,true,1,6130,69458,23188,3725,51
1690704460984890317,/faas.Executor/Execute&185,workload-3261283284276042189,true,0,5057,42344,22661,3766,31
1690704460984903592,/faas.Executor/Execute&546,workload-7268401213299230799,true,0,5542,48994,23730,3356,54
1690704460988391954,/faas.Executor/Execute&764,workload-4700497594276730509,true,0,4698,26252,22297,3345,61
1690704460990360786,/faas.Executor/Execute&166,workload-4519228013154487418,true,1,5297,60686,32188,4829,72
1690704460993117606,/faas.Executor/Execute&418,workload-1134455372498920495,true,0,4845,27700,55333,5393,53
1690704460996832462,/faas.Executor/Execute&367,workload-1860046688632734679,true,0,7716,25585,22419,3465,34
1690704460997429382,/faas.Executor/Execute&698,workload-312479016745052903,true,0,5512,24578,21248,3404,51
1690704460998569209,/faas.Executor/Execute&678,workload-4730581430501641406,true,0,4848,60778,37669,4196,59
1690704460999255256,/faas.Executor/Execute&157,workload-7374114887405102732,true,1,5291,74216,24979,3320,57
1690704461002582265,/faas.Executor/Execute&51,workload-2559257242925560376,true,0,4439,31974,29394,3536,46
1690704461002851189,/faas.Executor/Execute&152,workload-4569548230395264498,true,0,5213,51349,38903,3166,50
1690704461002959111,/faas.Executor/Execute&627,workload-4197731680424527669,true,1,4904,73238,35247,4245,55
1690704461003875109,/faas.Executor/Execute&716,workload-3387604556927795248,true,0,4808,59754,32078,3371,41
1690704461004415402,/faas.Executor/Execute&226,workload-4027879483103586620,true,1,5071,71723,24978,4764,78
1690704461004662145,/faas.Executor/Execute&46,workload-8620433429801120776,true,0,5060,72453,23958,4400,60
1690704461005274694,/faas.Executor/Execute&566,workload-4077286100185750821,true,1,5286,77651,25158,3993,38
1690704461005787856,/faas.Executor/Execute&420,workload-5575333324379652285,true,1,5020,81634,24172,4160,71
1690704461005931074,/faas.Executor/Execute&237,workload-6068036618040005323,true,0,4571,60513,29414,3020,37
1690704461009039414,/faas.Executor/Execute&321,workload-2538423041084251812,true,0,5345,51771,45408,3579,57
1690704461009104756,/faas.Executor/Execute&275,workload-8676299387342641927,true,0,4920,71898,26150,5087,50
1690704461009629661,/faas.Executor/Execute&504,workload-703483775812324422,true,0,5940,49610,44927,3476,35
1690704461010651597,/faas.Executor/Execute&49,workload-3811132997299467576,true,1,4734,55544,39962,3622,83
1690704461011012734,/faas.Executor/Execute&746,workload-8350394801332236869,true,1,4765,72720,39064,4695,54
1690704461011393098,/faas.Executor/Execute&793,workload-7335409876063394409,true,0,4510,70467,37790,4061,31
1690704461011815991,/faas.Executor/Execute&20,workload-3488125651485834921,true,0,4818,28352,27311,4680,48
1690704461012103249,/faas.Executor/Execute&515,workload-4274052453421354517,true,0,4720,77122,31034,4110,67
1690704461013456557,/faas.Executor/Execute&349,workload-605925191122601711,true,0,5918,29780,24537,3450,42
1690704461014029351,/faas.Executor/Execute&514,workload-5529491818068405439,true,0,6034,85034,27612,3569,35
1690704461014181947,/faas.Executor/Execute&456,workload-1174920109506097558,true,0,4695,65114,45773,4256,54
1690704461015337855,/faas.Executor/Execute&421,workload-3075196901792974720,true,0,4570,29999,30886,2928,52
1690704461016396621,/faas.Executor/Execute&545,workload-8957681991697816355,true,0,6396,27652,20090,3208,38
1690704461018726310,/faas.Executor/Execute&550,workload-5050731344656741189,true,0,6558,48846,21606,3091,48
1690704461022143618,/faas.Executor/Execute&3,workload-1152098535346919789,true,1,5464,56778,52927,7473,56
1690704461023606521,/faas.Executor/Execute&429,workload-8245040298444737096,true,0,6974,26027,33167,2775,35
1690704461025187887,/faas.Executor/Execute&593,workload-5287731603515768612,true,0,6544,27138,53511,4030,121
1690704461026104636,/faas.Executor/Execute&466,workload-5879029399375843212,true,0,7331,28678,50497,4974,61
1690704461026912581,/faas.Executor/Execute&431,workload-3975852012844154667,true,1,5425,71442,57786,4477,81
1690704461026932629,/faas.Executor/Execute&70,workload-1385067174348949487,true,0,5205,67814,59771,3711,75
1690704461027707692,/faas.Executor/Execute&700,workload-1015633906618692286,true,0,6411,86286,37005,4448,43
1690704461033495566,/faas.Executor/Execute&80,workload-4908087397438009409,true,0,7136,51263,26661,3136,50
1690704461035707865,/faas.Executor/Execute&462,workload-6555422220007662120,true,1,5524,85182,48472,3613,61
1690704461036461959,/faas.Executor/Execute&278,workload-7591068011453373352,true,0,4993,51543,42894,4084,78
1690704461039871643,/faas.Executor/Execute&398,workload-8646149657023513127,true,1,6084,67018,23304,3165,53
1690704461040767042,/faas.Executor/Execute&35,workload-954309552911516278,true,0,5902,84220,49888,4591,73
1690704461041570018,/faas.Executor/Execute&340,workload-4432979091988338094,true,1,6235,62399,18348,3117,59
1690704461041665878,/faas.Executor/Execute&401,workload-214858177827836765,true,1,5372,87413,55816,3966,38
1690704461041832550,/faas.Executor/Execute&799,workload-2924442265007457057,true,0,4926,45343,46555,3914,60
1690704461043100658,/faas.Executor/Execute&532,workload-5513930599346038818,true,0,7075,39083,38768,4174,36
1690704461043611326,/faas.Executor/Execute&296,workload-6591856375243967358,true,1,5641,59789,22489,3395,56
1690704461044267477,/faas.Executor/Execute&538,workload-6324780883793880419,true,0,4827,51949,22276,3279,32
1690704461044593849,/faas.Executor/Execute&487,workload-806642650701282763,true,0,5259,99328,46450,5518,62
1690704461044713713,/faas.Executor/Execute&669,workload-395723843370344737,true,1,5350,75557,61612,3925,75
1690704461045008286,/faas.Executor/Execute&797,workload-1326556727214239603,true,0,7027,54030,43471,3862,46
1690704461045647174,/faas.Executor/Execute&293,workload-1307505514631738326,true,0,4837,57959,74156,6052,98
1690704461045718658,/faas.Executor/Execute&699,workload-3279836518971142841,true,0,4546,28941,69688,6250,56
1690704461046296512,/faas.Executor/Execute&258,workload-6810780088270964396,true,0,6445,51902,73738,7241,36
1690704461046790779,/faas.Executor/Execute&636,workload-6303825562161880863,true,0,6039,75539,59408,4453,45
1690704461047440487,/faas.Executor/Execute&156,workload-2118001716654779823,true,0,6242,81614,54962,4625,29
1690704461048880888,/faas.Executor/Execute&133,workload-2212259079148901428,true,0,5270,79324,71190,3634,75
1690704461049570481,/faas.Executor/Execute&83,workload-8236670783944969019,true,0,5400,34557,66876,3427,61
1690704461050600332,/faas.Executor/Execute&153,workload-6712325718905621021,true,1,4657,45091,52939,4297,35
1690704461051502935,/faas.Executor/Execute&572,workload-2722904670239151946,true,0,6263,85031,55649,3881,55
1690704461054166370,/faas.Executor/Execute&105,workload-494829883741229294,true,0,4473,27275,57619,3183,32
1690704461054460151,/faas.Executor/Execute&184,workload-8471155230605828841,true,0,5744,80738,66760,3660,55
1690704461055788262,/faas.Executor/Execute&98,workload-5483462816598840472,true,0,6211,79645,66236,4583,59
1690704461058342381,/faas.Executor/Execute&137,workload-6927053836449464044,true,0,4777,77060,70674,3579,52
1690704461060150612,/faas.Executor/Execute&617,workload-5315878122931405535,true,0,5387,83757,63701,3877,26
1690704461060210885,/faas.Executor/Execute&660,workload-6847127134904088457,true,0,5198,45182,57699,4660,64
1690704461060802956,/faas.Executor/Execute&220,workload-2813460272306341792,true,0,6994,48331,47719,4320,49
1690704461061697684,/faas.Executor/Execute&395,workload-681584908305476008,true,0,4674,64890,51779,5506,48
1690704461062205376,/faas.Executor/Execute&659,workload-6398008933908331812,true,0,4736,69646,51651,4661,69
1690704461062574648,/faas.Executor/Execute&101,workload-6369672288728148607,true,1,5596,65214,53736,4443,59
1690704461066740380,/faas.Executor/Execute&635,workload-7029383559054145833,true,0,5219,64294,52403,3508,52
1690704461069391321,/faas.Executor/Execute&302,workload-8857401468983865613,true,0,6180,102924,53820,4528,44
1690704461071675805,/faas.Executor/Execute&39,workload-1041953653587334577,true,0,4874,110995,55754,4703,45
1690704461071717062,/faas.Executor/Execute&535,workload-3368848263557609351,true,0,5468,87717,78822,4042,42
1690704461072425691,/faas.Executor/Execute&161,workload-1595490299705103041,true,0,6160,98488,66389,3004,29
1690704461074081116,/faas.Executor/Execute&672,workload-7909816433598800745,true,0,7069,60388,50114,3745,69
1690704461074342276,/faas.Executor/Execute&723,workload-3574636149632277181,true,0,4645,46220,80488,4936,51
1690704461074586935,/faas.Executor/Execute&179,workload-8335636660563168922,true,0,6567,60336,46863,3136,39
1690704461074939075,/faas.Executor/Execute&355,workload-3416675663319953065,true,0,5454,89352,81739,4429,52
1690704461077340468,/faas.Executor/Execute&583,workload-4428381346289242849,true,0,4845,50692,83497,3551,33
1690704461079300844,/faas.Executor/Execute&390,workload-7244397696183350718,true,0,5551,89140,83277,4636,39
1690704461081952287,/faas.Executor/Execute&370,workload-7548642674603105679,true,0,7813,82494,50967,3368,64
1690704461082061952,/faas.Executor/Execute&405,workload-1443242570488436036,true,1,6042,24668,19643,3168,54
1690704461083350689,/faas.Executor/Execute&498,workload-8307742957167791445,true,0,4946,79775,32440,3878,55
1690704461083746391,/faas.Executor/Execute&691,workload-6013533950554541279,true,0,5499,83206,30874,4456,53
1690704461085246484,/faas.Executor/Execute&641,workload-75029618367952456,true,0,5748,83447,100763,5149,143
1690704461086563404,/faas.Executor/Execute&783,workload-5679047989279330059,true,1,8681,26838,20573,3211,39
1690704461088893293,/faas.Executor/Execute&523,workload-7864510217013598038,true,0,6249,77099,99576,8995,68
1690704461089847212,/faas.Executor/Execute&517,workload-4602931863123942187,true,1,4880,68478,101525,9882,83
1690704461092420067,/faas.Executor/Execute&564,workload-6316853815698836497,true,0,5078,24818,19468,3012,54
1690704461092574657,/faas.Executor/Execute&458,workload-2113374517135588841,true,0,4707,25334,23904,3503,52
1690704461093843206,/faas.Executor/Execute&363,workload-4138049399854646475,true,1,5250,25516,23361,3123,45
1690704461094004368,/faas.Executor/Execute&196,workload-6194579152449751447,true,0,4756,25204,21127,3281,34
1690704461096132088,/faas.Executor/Execute&255,workload-1047185433020206003,true,0,4814,25080,23542,3354,38
1690704461098627638,/faas.Executor/Execute&512,workload-8961459328747937485,true,0,6371,87366,96024,4431,47
1690704461098857720,/faas.Executor/Execute&67,workload-4216118627547690806,true,0,6876,91541,90753,4201,64
1690704461099120563,/faas.Executor/Execute&441,workload-4725975915418710449,true,0,5022,55726,90346,4078,37
1690704461100348385,/faas.Executor/Execute&143,workload-1267002990145287337,true,0,6073,98846,38564,3812,56
1690704461100587323,/faas.Executor/Execute&285,workload-7347646572495326890,true,0,5654,104142,30570,3981,170
1690704461101059849,/faas.Executor/Execute&439,workload-8186554360083948456,true,0,6779,104260,34794,4509,138
1690704461102157127,/faas.Executor/Execute&631,workload-255488409566061890,true,0,4240,80907,54545,4395,63
1690704461102311566,/faas.Executor/Execute&68,workload-8800714659423484632,true,0,5123,126680,59666,4791,72
1690704461102349478,/faas.Executor/Execute&592,workload-742041699671190930,true,0,4916,125030,60216,4865,43
1690704461102442702,/faas.Executor/Execute&269,workload-8024567578724133685,true,0,5305,89528,116508,4218,71
1690704461102664178,/faas.Executor/Execute&560,workload-1386338800767177729,true,0,5747,35274,112891,3841,47
1690704461102703982,/faas.Executor/Execute&784,workload-2304361057971396645,true,0,5512,97047,62979,4989,61
1690704461102757943,/faas.Executor/Execute&537,workload-8483218180731749099,true,1,5736,71342,71777,3605,60
1690704461102786768,/faas.Executor/Execute&297,workload-4322257910242658970,true,0,4554,85442,51044,5014,39
1690704461102871917,/faas.Executor/Execute&409,workload-6186108322568521111,true,1,5414,55850,91833,3600,35
1690704461104732566,/faas.Executor/Execute&736,workload-4892797558863401063,true,1,5103,112255,95442,3494,47
1690704461109875110,/faas.Executor/Execute&785,workload-7971230933208964262,true,0,4644,64435,91825,3397,35
1690704461114371612,/faas.Executor/Execute&449,workload-5185322065485807988,true,1,5668,48802,121381,5908,45
1690704461114380228,/faas.Executor/Execute&224,workload-2770675884319780089,true,0,5508,46871,112658,5983,81
1690704461114454177,/faas.Executor/Execute&692,workload-4234259356133004154,true,0,5551,46358,118099,7367,142
1690704461114590633,/faas.Executor/Execute&696,workload-1870450484719725619,true,0,5658,52334,104382,7583,67
1690704461116795408,/faas.Executor/Execute&314,workload-336592232782145738,true,0,6051,79802,74157,4440,36
1690704461116830574,/faas.Executor/Execute&384,workload-5891235980474064666,true,1,5289,66182,20541,3234,49
1690704461119777711,/faas.Executor/Execute&710,workload-5677153780388197941,true,0,6162,78452,75764,3600,39
1690704461122267089,/faas.Executor/Execute&726,workload-3993813839989609295,true,0,5311,52027,117283,7742,39
1690704461124050313,/faas.Executor/Execute&772,workload-7535733194663434345,true,1,5821,53134,155393,3189,68
1690704461127075496,/faas.Executor/Execute&668,workload-8377078697232952606,true,0,8813,82810,79221,4502,43
1690704461127572498,/faas.Executor/Execute&34,workload-166458787343647125,true,0,5012,101161,111159,5378,51
1690704461127591123,/faas.Executor/Execute&262,workload-7852442615461501826,true,0,5911,61957,99332,5423,23
1690704461128386815,/faas.Executor/Execute&176,workload-2528955958499112459,true,1,6226,116039,109133,4877,64
1690704461128698159,/faas.Executor/Execute&433,workload-4110655053603543085,true,1,5825,94992,62102,4383,54
1690704461131182738,/faas.Executor/Execute&170,workload-633419470517818607,true,0,6494,113261,65745,3702,47
1690704461131239505,/faas.Executor/Execute&591,workload-7317014410360476458,true,0,5112,115711,60702,3801,46
1690704461131812459,/faas.Executor/Execute&154,workload-2689191168118731577,true,0,55835,25489,19395,2916,48
1690704461135336117,/faas.Executor/Execute&658,workload-7168269396400492782,true,0,4864,68826,21420,3158,52
1690704461137043229,/faas.Executor/Execute&536,workload-4736141563118403298,true,0,5683,122900,67754,5435,38
1690704461138155975,/faas.Executor/Execute&411,workload-330417991394387649,true,1,6389,86885,22432,4013,37
1690704461139641281,/faas.Executor/Execute&481,workload-5963986694219500656,true,0,6388,66753,22484,3568,45
1690704461140077358,/faas.Executor/Execute&192,workload-1588060028522984833,true,0,7831,103512,69355,4957,58
1690704461140236356,/faas.Executor/Execute&118,workload-7645790376158229406,true,0,8629,101780,74158,4668,43
1690704461146782102,/faas.Executor/Execute&392,workload-7825971870556952055,true,0,9798,69200,28516,4684,71
1690704461146791339,/faas.Executor/Execute&675,workload-1585977405730998523,true,0,12588,65218,29035,3532,36
1690704461147287409,/faas.Executor/Execute&180,workload-3043275199995439396,true,1,15650,63615,28513,3985,56
1690704461150184202,/faas.Executor/Execute&586,workload-1672557272559160198,true,0,5930,79406,96184,8999,64
1690704461152023631,/faas.Executor/Execute&426,workload-3420817940054343004,true,1,5199,98855,22680,2927,33
1690704461152103180,/faas.Executor/Execute&615,workload-2739761522762298028,true,0,5400,84329,102580,4019,66
1690704461152225690,/faas.Executor/Execute&657,workload-8122223936951735185,true,0,5557,49950,157116,3512,42
1690704461152314587,/faas.Executor/Execute&534,workload-8715143442248891862,true,0,4614,54688,144834,3879,56
1690704461152885067,/faas.Executor/Execute&194,workload-5966015165435795339,true,0,7028,98631,94365,13174,65
1690704461153097475,/faas.Executor/Execute&30,workload-1891342711353197824,true,0,4968,94517,93600,12434,50
1690704461153316355,/faas.Executor/Execute&442,workload-5885095199062873568,true,0,5558,75509,98156,13262,116
1690704461153934705,/faas.Executor/Execute&175,workload-2725187288375614205,true,0,4437,84095,98970,7516,4888
1690704461164955412,/faas.Executor/Execute&44,workload-968923101900030221,true,1,6380,95813,20349,3222,36
1690704461168696538,/faas.Executor/Execute&339,workload-7993069015940179560,true,0,5092,187234,32801,4572,55
1690704461169218667,/faas.Executor/Execute&1,workload-6087147762799716234,true,0,5400,183254,32575,5044,62
1690704461169954376,/faas.Executor/Execute&717,workload-3299947045101086653,true,0,5650,184915,32518,6307,49
1690704461170796525,/faas.Executor/Execute&378,workload-242633856346353682,true,0,6605,167966,34078,3451,36
1690704461171041034,/faas.Executor/Execute&656,workload-7267262861873475637,true,0,6871,164219,35885,3274,52
1690704461171180746,/faas.Executor/Execute&280,workload-1784266660999854260,true,0,6316,66085,68550,4028,45
1690704461171922738,/faas.Executor/Execute&388,workload-6012570122144926757,true,0,5956,64649,69842,3711,60
1690704461183471565,/faas.Executor/Execute&600,workload-2737607673744016303,true,0,5610,80251,154846,4334,89
1690704461183818025,/faas.Executor/Execute&415,workload-2095171457159024343,true,0,6095,85982,144496,4966,46
1690704461184619177,/faas.Executor/Execute&467,workload-8177888390930367808,true,0,8458,90334,42012,2954,98
1690704461186280643,/faas.Executor/Execute&81,workload-8420126660796799099,true,0,5783,85364,148482,4957,55
1690704461209454992,/faas.Executor/Execute&347,workload-3927615264943671301,true,0,8903,169661,64078,6583,46
1690704461210330995,/faas.Executor/Execute&22,workload-6745686419093416077,true,0,7508,105658,65904,4545,38
1690704461212932633,/faas.Executor/Execute&400,workload-552153686919179320,true,0,7572,96521,61827,5688,55
1690704461213373730,/faas.Executor/Execute&263,workload-4353363250250658958,true,1,10941,171848,70009,3638,46
1690704461213920716,/faas.Executor/Execute&397,workload-1944597893568172727,true,0,5080,24830,18033,3551,71
1690704461215761408,/faas.Executor/Execute&356,workload-7714396559176985173,true,0,5246,24674,20824,3272,41
1690704461219179819,/faas.Executor/Execute&470,workload-316877835999882241,true,1,5910,25012,22303,3182,50
1690704461219691258,/faas.Executor/Execute&48,workload-4823891069255543268,true,0,11270,111743,71179,4249,42
1690704461227364588,/faas.Executor/Execute&516,workload-1276344695924686738,true,0,6961,103629,77151,3823,31
1690704461228012753,/faas.Executor/Execute&8,workload-7680596627018162959,true,0,6345,224292,94984,5085,71
1690704461228139190,/faas.Executor/Execute&555,workload-7043661943955864111,true,0,6628,221528,94699,4876,56
1690704461229913187,/faas.Executor/Execute&394,workload-8744597524673753425,true,1,5084,188754,94416,5900,59
1690704461229932102,/faas.Executor/Execute&789,workload-6731035339971591455,true,0,8460,162516,94763,5787,61
1690704461229941931,/faas.Executor/Execute&38,workload-3618341840355176853,true,0,6670,165310,94236,6469,40
1690704461232032030,/faas.Executor/Execute&788,workload-3758060615537875207,true,0,7633,162178,94653,6516,93
1690704461242670801,/faas.Executor/Execute&330,workload-902656941490858844,true,1,5351,53223,20187,3630,59
1690704461246858935,/faas.Executor/Execute&103,workload-2405632143982241016,true,0,5274,52574,23319,4836,65
1690704461250541451,/faas.Executor/Execute&74,workload-2060054365382630060,true,1,8191,67288,23228,3545,38
1690704461251786876,/faas.Executor/Execute&277,workload-226146274607790969,true,0,5141,24126,22831,3110,29
1690704461252462283,/faas.Executor/Execute&199,workload-5788187082909807944,true,1,5322,61127,19144,3449,35
1690704461254040633,/faas.Executor/Execute&57,workload-3260315664124089453,true,1,6162,154850,66463,4156,69
1690704461254120353,/faas.Executor/Execute&91,workload-6271703167114110568,true,0,5101,148854,66888,4400,38
1690704461254432889,/faas.Executor/Execute&704,workload-4017779316579554501,true,0,5309,24745,18996,3103,54
1690704461254779629,/faas.Executor/Execute&756,workload-205891468021257801,true,0,7334,26817,23537,3452,34
1690704461254808653,/faas.Executor/Execute&584,workload-2309928219855449981,true,1,6092,24474,20615,3378,39
1690704461254824112,/faas.Executor/Execute&649,workload-8731625259620460602,true,0,5029,29101,19540,3263,31
1690704461256180245,/faas.Executor/Execute&477,workload-1794499973217689843,true,0,10448,76288,127690,4252,74
1690704461259242428,/faas.Executor/Execute&195,workload-8440768143443873699,true,0,5603,66020,21072,3462,44
1690704461259983638,/faas.Executor/Execute&577,workload-6638599364121624468,true,1,6881,26127,25255,2962,28
1690704461260564517,/faas.Executor/Execute&609,workload-6422156542233274813,true,1,4559,34103,21645,3299,57
1690704461266295525,/faas.Executor/Execute&642,workload-6062084208227567323,true,0,8111,35203,25774,3260,63
1690704461266894738,/faas.Executor/Execute&492,workload-2110572652924673423,true,1,8350,36942,24515,3702,35
1690704461268062999,/faas.Executor/Execute&413,workload-8390056993966626445,true,1,5201,76741,23669,3335,39
1690704461268423495,/faas.Executor/Execute&41,workload-6537900911505797894,true,1,4983,76161,24171,3645,42
1690704461274086134,/faas.Executor/Execute&749,workload-7379632332076350756,true,1,5350,81298,22763,3600,35
1690704461275447497,/faas.Executor/Execute&549,workload-4769881992635684946,true,0,5196,46406,18389,2931,29
1690704461275713516,/faas.Executor/Execute&272,workload-1682816361845351676,true,1,5468,82019,24846,3559,34
1690704461277510616,/faas.Executor/Execute&693,workload-5473302765726899616,true,1,5543,50344,19211,3295,53
1690704461278947490,/faas.Executor/Execute&368,workload-3055643765077584674,true,1,5837,37375,34380,6337,61
1690704461279509695,/faas.Executor/Execute&425,workload-7534467432337502829,true,1,5061,65658,40231,7114,57
1690704461279574146,/faas.Executor/Execute&543,workload-8750570465258218505,true,0,4578,47936,22795,3379,43
1690704461279957575,/faas.Executor/Execute&430,workload-4970450161761575329,true,0,8370,83868,23844,3423,56
1690704461284068945,/faas.Executor/Execute&503,workload-693832315585024332,true,1,5405,73253,39335,3894,74
1690704461286140800,/faas.Executor/Execute&438,workload-409144231091792051,true,0,5873,56683,19282,3033,50
1690704461297176566,/faas.Executor/Execute&21,workload-7856924010651759787,true,0,6125,64097,21833,3553,65
1690704461297477370,/faas.Executor/Execute&47,workload-5181947262964357355,true,0,6363,65246,22916,3748,42
1690704461297798983,/faas.Executor/Execute&482,workload-6050716131512165878,true,1,5643,67178,24245,3297,35
1690704461298429155,/faas.Executor/Execute&117,workload-8916147000389515984,true,0,4993,65582,23676,3688,32
1690704461301177939,/faas.Executor/Execute&122,workload-6357197343526830837,true,0,6673,38006,48329,5292,56
1690704461302105599,/faas.Executor/Execute&121,workload-3929479777489895535,true,1,8962,37660,50116,5193,61
1690704461304805812,/faas.Executor/Execute&284,workload-8625254439372340296,true,0,9825,37732,51829,3576,53
1690704461305509572,/faas.Executor/Execute&300,workload-9137895805131923204,true,0,5845,44939,54699,4095,37
1690704461307011238,/faas.Executor/Execute&345,workload-4611387491186830485,true,0,4663,49290,51370,3443,67
1690704461307462504,/faas.Executor/Execute&147,workload-2309904186793394363,true,1,6125,84961,20555,3231,47
1690704461308376148,/faas.Executor/Execute&257,workload-3698316282482741606,true,0,11000,35993,58209,3133,35
1690704461310051209,/faas.Executor/Execute&123,workload-34498003816816244,true,0,5339,52449,53634,3986,54
1690704461310238320,/faas.Executor/Execute&578,workload-5551732717663609739,true,1,10867,210589,50531,3615,57
1690704461310335573,/faas.Executor/Execute&422,workload-2871946157850507327,true,0,5093,54196,54455,3567,47
1690704461311567172,/faas.Executor/Execute&365,workload-1209022859419158431,true,0,11746,209693,51842,3509,33
1690704461312016585,/faas.Executor/Execute&616,workload-6928573466422850441,true,1,12930,74913,24647,3765,38
1690704461312023167,/faas.Executor/Execute&779,workload-8451457419332545842,true,1,13155,72624,24449,3596,39
1690704461314853825,/faas.Executor/Execute&480,workload-4132624387268656537,true,0,6051,89532,23997,3111,32
1690704461315771556,/faas.Executor/Execute&333,workload-7160258689651265579,true,0,5854,84640,27058,3858,44
1690704461315943339,/faas.Executor/Execute&246,workload-5328641538426061384,true,0,5075,86099,25900,3567,40
1690704461317353904,/faas.Executor/Execute&628,workload-7378534427338511018,true,0,5072,84685,27777,3495,65
1690704461382584741,/faas.Executor/Execute&29,workload-574017146147755399,true,1,5153,24407,19877,3150,36
1690704461383642004,/faas.Executor/Execute&100,workload-6048945037571505330,true,1,5573,23333,19615,2862,41
1690704461400851366,/faas.Executor/Execute&529,workload-1844845860102720284,true,0,5531,39567,19179,3204,46
1690704461414630857,/faas.Executor/Execute&471,workload-2785998889752002377,true,0,5294,50179,22267,3300,37
1690704461415149660,/faas.Executor/Execute&298,workload-6893645589656151168,true,0,4834,52866,21001,3923,40
1690704461417922510,/faas.Executor/Execute&140,workload-7064332982103065373,true,1,4876,61179,19615,3369,38
1690704461418256546,/faas.Executor/Execute&570,workload-3653981623972579901,true,0,5220,26360,22288,3835,53
1690704461418855369,/faas.Executor/Execute&99,workload-3251471242601739938,true,1,4773,53799,24460,3390,50
1690704461422539077,/faas.Executor/Execute&351,workload-646989819169516413,true,1,5358,61523,21032,3079,56
1690704461425310655,/faas.Executor/Execute&96,workload-7355728477676010439,true,0,4521,34026,24201,3806,41
1690704461425847091,/faas.Executor/Execute&66,workload-5629142484832365736,true,1,5374,60076,25043,4268,38
1690704461430687878,/faas.Executor/Execute&173,workload-8311334807626537146,true,1,5115,42928,18777,3056,41
1690704461431758877,/faas.Executor/Execute&169,workload-1896510942037280705,true,1,5781,69870,23733,3825,43
1690704461435425163,/faas.Executor/Execute&468,workload-813036784505189283,true,1,5668,73146,20175,3397,41
1690704461436554059,/faas.Executor/Execute&4,workload-6637871721335031277,true,0,5143,69905,27065,4102,41
1690704461438443633,/faas.Executor/Execute&242,workload-7007754420191995786,true,0,4980,71189,27867,3775,28
1690704461440523263,/faas.Executor/Execute&15,workload-8373423492567726139,true,1,5804,51266,18971,3324,41
1690704461446481035,/faas.Executor/Execute&791,workload-3326854806303937121,true,0,5476,56514,20891,4373,66
1690704461447792765,/faas.Executor/Execute&178,workload-2157012966026327195,true,0,4686,54682,24889,4003,31
1690704461448320114,/faas.Executor/Execute&510,workload-5894208838011275393,true,1,6081,86304,26467,5578,63
1690704461451426339,/faas.Executor/Execute&7,workload-7273720258690537670,true,0,4896,56930,24769,4134,57
1690704461454945569,/faas.Executor/Execute&382,workload-6064070677442735003,true,0,5176,65367,21185,3377,46
1690704461458581317,/faas.Executor/Execute&781,workload-1046901289925555763,true,1,6281,85721,33588,3701,70
1690704461470600737,/faas.Executor/Execute&599,workload-5931702175847828811,true,0,6071,104756,26881,3250,40
1690704461475246078,/faas.Executor/Execute&568,workload-4852479028421740063,true,0,5091,25206,23093,4128,38
1690704461478774034,/faas.Executor/Execute&709,workload-5920330708169196110,true,1,6098,25536,24892,2989,30
1690704461480649070,/faas.Executor/Execute&661,workload-1617473890235248710,true,1,5433,35388,27746,3381,48
1690704461483233457,/faas.Executor/Execute&790,workload-4519553118397348486,true,0,7009,38079,21662,3989,73
1690704461483317174,/faas.Executor/Execute&743,workload-5016407126676647187,true,1,5562,24953,20563,3244,44
1690704461484456190,/faas.Executor/Execute&23,workload-1575916037150571727,true,1,8112,25763,26486,3090,32
1690704461486160275,/faas.Executor/Execute&335,workload-2782219026277947856,true,0,5721,40897,25378,3626,48
1690704461489465273,/faas.Executor/Execute&95,workload-7871606261950486909,true,0,7986,47189,20806,3858,40
1690704461489872437,/faas.Executor/Execute&619,workload-6543896133104768766,true,0,7966,33558,27642,5686,58
1690704461490446183,/faas.Executor/Execute&218,workload-9010607216171290085,true,0,4935,28408,21215,2979,34
1690704461494713966,/faas.Executor/Execute&119,workload-3640315695453874974,true,0,5675,30478,25570,3348,37
1690704461496733003,/faas.Executor/Execute&540,workload-1522353426529415099,true,0,5184,54263,20935,3579,44
1690704461497173659,/faas.Executor/Execute&216,workload-4555903582262821171,true,0,5456,29050,27644,4605,146
1690704461498149359,/faas.Executor/Execute&719,workload-7812653205587225792,true,0,4680,28209,35378,5694,56
1690704461504288110,/faas.Executor/Execute&626,workload-6358643663086913681,true,1,5206,27652,51514,6584,221
1690704461505407570,/faas.Executor/Execute&232,workload-2785209574688204353,true,0,6417,36086,26003,6901,75
1690704461505635026,/faas.Executor/Execute&308,workload-7019927287998261306,true,0,5212,29159,30576,3759,72
1690704461505645416,/faas.Executor/Execute&288,workload-5066262400729145815,true,0,11613,32558,31007,5958,138
1690704461506198352,/faas.Executor/Execute&738,workload-4163393280746005151,true,0,9330,34857,31805,3676,57
1690704461507536923,/faas.Executor/Execute&553,workload-9027616660933811883,true,0,5436,34228,29414,5942,37
1690704461507933897,/faas.Executor/Execute&78,workload-5930043796185011692,true,0,6481,30394,31373,4055,65
1690704461510330812,/faas.Executor/Execute&590,workload-5992217979249010358,true,0,7217,32533,30819,3264,47
1690704461515007332,/faas.Executor/Execute&208,workload-7945045603431252121,true,1,7721,28258,41402,3119,40
1690704461518391078,/faas.Executor/Execute&259,workload-8424763041779568877,true,1,5035,73307,24620,3574,79
1690704461518606211,/faas.Executor/Execute&646,workload-6024974501248909935,true,0,5222,29823,61485,3451,57
1690704461525812315,/faas.Executor/Execute&725,workload-2323664083034042573,true,0,6440,53057,29313,3412,35
1690704461528008704,/faas.Executor/Execute&494,workload-3157328288096214369,true,0,4996,57538,31484,3089,52
1690704461529432273,/faas.Executor/Execute&221,workload-7351451610527941034,true,0,6221,27537,69994,4266,65
1690704461529449115,/faas.Executor/Execute&148,workload-8576082172583645008,true,0,4749,27618,72550,4146,142
1690704461539669571,/faas.Executor/Execute&190,workload-7969335034545640140,true,0,6473,30021,28819,45659,56
1690704461584926461,/faas.Executor/Execute&251,workload-1031126839381133319,true,1,5315,26299,23891,100082,72
1690704461594624758,/faas.Executor/Execute&268,workload-214588072253082449,true,1,5813,76693,23358,56706,79
1690704461623956985,/faas.Executor/Execute&112,workload-7187476922357484579,true,0,5073,24627,26944,128946,77
1690704461638388579,/faas.Executor/Execute&718,workload-5142387901729319249,true,1,5473,76002,24891,107883,62
1690704461644380455,/faas.Executor/Execute&329,workload-6499964221269274487,true,0,6210,25156,23238,155695,44
1690704461662227824,/faas.Executor/Execute&416,workload-1266901344392561472,true,0,4612,61222,157611,4157,34
1690704461662523739,/faas.Executor/Execute&299,workload-97231907769766669,true,1,4897,67312,158721,4373,34
1690704461712204625,/faas.Executor/Execute&238,workload-3493461233223536917,true,1,5085,29299,150686,37611,60
1690704461717743813,/faas.Executor/Execute&705,workload-5865495241110360569,true,0,4737,51243,35595,216238,54
1690704461816722055,/faas.Executor/Execute&267,workload-6729706300452588817,true,0,5426,28211,122800,246011,53
1690704461870054720,/faas.Executor/Execute&245,workload-7060578964425620684,true,0,5218,76385,25025,335689,69
1690704461906106768,/faas.Executor/Execute&638,workload-2111279704087548490,true,0,5638,65499,74089,322747,87
1690704462050341630,/faas.Executor/Execute&174,workload-7070223648067071946,true,0,5244,64403,71428,498106,68
1690704462094364676,/faas.Executor/Execute&334,workload-7463317401234667592,true,0,5148,71394,134793,450618,60
1690704462303734157,/faas.Executor/Execute&475,workload-978956658581001815,true,0,12819,45864,441322,381165,73
1690704462421523987,/faas.Executor/Execute&446,workload-9076497032983777733,true,1,5420,46352,623105,337238,100
1690704462474096576,/faas.Executor/Execute&432,workload-3955313424264299838,true,0,5149,41585,519538,480774,51
1690704462474500573,/faas.Executor/Execute&495,workload-4550553318533443134,true,0,4968,63938,643785,336891,75
1690704462551502996,/faas.Executor/Execute&319,workload-4671623779531464790,true,1,5200,71474,675808,385276,131
1690704462564657965,/faas.Executor/Execute&464,workload-3891410403864190407,true,1,6720,72847,701232,373117,117
1690704462825873521,/faas.Executor/Execute&798,workload-1284015575952739658,true,1,7140,164532,850720,377769,83
1690704463094513971,/faas.Executor/Execute&547,workload-7295127050627638053,true,0,10622,103093,1040746,509124,73
1690704463094615681,/faas.Executor/Execute&24,workload-3007085063368054091,true,0,11319,129254,1041960,489241,77
1690704463155156473,/faas.Executor/Execute&690,workload-8852445511307042520,true,0,5340,90264,951888,612556,117
1690704463345056311,/faas.Executor/Execute&551,workload-1939841529012925523,true,0,5455,47683,833440,1036553,60
1690704463838267608,/faas.Executor/Execute&136,workload-6357050428040775059,true,0,5295,45568,711622,1656015,80
1690704463850527428,/faas.Executor/Execute&575,workload-1267430707948596277,true,1,4718,83558,1065761,1272992,69
1690704464282424672,/faas.Executor/Execute&748,workload-5848958973095574086,true,0,8029,30018,815756,1992982,66
1690704465547219866,/faas.Executor/Execute&525,workload-7554448231016035099,true,0,10329,99947,3433594,577433,88
1690704465547236507,/faas.Executor/Execute&253,workload-2733874488905788824,true,0,6205,119001,3431102,557071,55
1690704465665819987,/faas.Executor/Execute&26,workload-2083906795943740349,true,0,7716,116127,4127168,2737,38
1690704466578478330,/faas.Executor/Execute&374,workload-6155713972967906938,true,1,9564,99531,5027461,4351,45
1690704466578750411,/faas.Executor/Execute&32,workload-1693894517341941989,true,0,12726,46359,5094446,4433,54
1690704466579145111,/faas.Executor/Execute&476,workload-4793202782626957714,true,1,9630,102614,5034145,3575,38
1690704466579261128,/faas.Executor/Execute&759,workload-296449644147166142,true,0,11904,107599,5033975,3749,33
1690704466599156368,/faas.Executor/Execute&177,workload-1004901138601660940,true,0,9577,121591,5028707,3073,35
1690704466604568557,/faas.Executor/Execute&323,workload-3787047380096247058,true,1,5328,48435,5012259,3234,43
1690704466703173460,/faas.Executor/Execute&501,workload-2791527933427121224,true,0,5754,100581,5056453,4080,48
1690704466817394599,/faas.Executor/Execute&386,workload-8485672937579146029,true,0,4910,64367,5193816,136078,48
1690704466817720049,/faas.Executor/Execute&159,workload-2399318302451676950,true,0,4729,79743,5295711,9258,38
1690704466817978244,/faas.Executor/Execute&588,workload-4893924065974461342,true,0,4721,52683,5192629,136550,40
1690704467125604323,/faas.Executor/Execute&282,workload-3751825984519931912,true,1,25644,58735,5341561,3582,43
1690704468579922361,/faas.Executor/Execute&264,workload-8898086859120584494,true,0,6756,51104,6904635,182365,47
1690704468650916275,/faas.Executor/Execute&141,workload-7272759045185723604,true,0,8228,67228,7024014,131472,46
1690704468650930452,/faas.Executor/Execute&463,workload-3251008070416019122,true,0,6941,147576,6915631,154815,43
1690704468681267542,/faas.Executor/Execute&647,workload-2230927206052426364,true,0,5460,237015,6558193,183682,48
