time,service_name,container_id,get_metadata,cold_start,cold_start_pause,load_balancing,cc_throttling,proxying,other
1690704739680269205,/faas.Executor/Execute&308,workload-5091709620432403352,0,101836,50000,30,0,325,398
1690704739702012994,/faas.Executor/Execute&49,workload-5111920628506410400,1,115697,50000,1871,0,395,1968
1690704739769868033,/faas.Executor/Execute&595,workload-6983241507685756698,1,106047,50000,233,0,4632,19669
1690704739782893305,/faas.Executor/Execute&446,workload-4861122604718467638,0,111989,50000,17701,0,308,13760
1690704739783467681,/faas.Executor/Execute&239,workload-127202330490243518,1,124216,50000,16231,0,245,3451
1690704739789255189,/faas.Executor/Execute&615,workload-5144054224224223491,0,121698,50000,84162,0,365,802
1690704739791021256,/faas.Executor/Execute&513,workload-6713305616990032165,1,129549,50000,84288,0,228,332
1690704739791728961,/faas.Executor/Execute&208,workload-1311037364394901054,1,141916,50000,21544,0,337,45861
1690704739804537718,/faas.Executor/Execute&102,workload-1845747306693787922,0,126615,50000,6500,0,91990,1705
1690704739819801662,/faas.Executor/Execute&642,workload-242234796345631211,0,125054,50000,25,0,310,9111
1690704739821518928,/faas.Executor/Execute&793,workload-8999389228260667406,1,126802,50000,23,0,292,9825
1690704739821526242,/faas.Executor/Execute&268,workload-1389000756204226910,0,123450,50000,80,0,286,12351
1690704739821683546,/faas.Executor/Execute&680,workload-5186834241885559707,0,131913,50000,4670,0,302,730
1690704739821857392,/faas.Executor/Execute&707,workload-1057831547774029066,0,136838,50000,34,0,280,705
1690704739822237113,/faas.Executor/Execute&274,workload-2967732260219336703,0,125415,50000,741,0,305,10985
1690704739822360805,/faas.Executor/Execute&148,workload-4953450144599455190,0,180135,50000,813,0,277,2036
1690704739822477723,/faas.Executor/Execute&42,workload-440180072661405691,1,179583,50000,871,0,317,2602
1690704739822538467,/faas.Executor/Execute&599,workload-3688389351179077523,0,123519,50000,952,0,325,12589
1690704739822550860,/faas.Executor/Execute&640,workload-8435197454729061757,0,128135,50000,999,0,288,848
1690704739822554267,/faas.Executor/Execute&10,workload-2923846024929134442,0,181387,50000,1015,0,279,715
1690704739823576791,/faas.Executor/Execute&724,workload-3892915046539078181,0,178890,50000,4155,0,346,899
1690704739824064425,/faas.Executor/Execute&570,workload-8870626199538316179,0,128558,50000,1294,0,306,9367
1690704739824072480,/faas.Executor/Execute&348,workload-3914781164600516611,1,121763,50000,2259,0,269,14426
1690704739825808551,/faas.Executor/Execute&155,workload-2162020088230693645,0,126508,50000,22,0,279,12272
1690704739830515135,/faas.Executor/Execute&460,workload-6178078810173450570,0,70794,50000,20,0,247,931
1690704739833110084,/faas.Executor/Execute&489,workload-7771995494497814426,0,138607,50000,33,0,282,1661
1690704739833417821,/faas.Executor/Execute&787,workload-2927010978907886821,1,138652,50000,40,0,295,2652
1690704739833424493,/faas.Executor/Execute&17,workload-2771869778418298782,0,193812,50000,84,0,259,233
1690704739840122286,/faas.Executor/Execute&420,workload-903493753009920656,0,140910,50000,22,0,263,4676
1690704739840131012,/faas.Executor/Execute&202,workload-8582803522926618316,0,75814,50000,81,0,223,6154
1690704739841774931,/faas.Executor/Execute&672,workload-5139143870366283780,0,145900,50000,24,0,303,1531
1690704739841783146,/faas.Executor/Execute&431,workload-2616137224620991662,0,147243,50000,78,0,247,1092
1690704739841789909,/faas.Executor/Execute&413,workload-1788715897709255289,0,97669,50000,18,0,238,161
1690704739841843719,/faas.Executor/Execute&30,workload-7853422850606121233,0,143105,50000,20,0,248,13899
1690704739842014900,/faas.Executor/Execute&252,workload-7494771400749291829,0,143771,50000,17,0,254,13533
1690704739843902605,/faas.Executor/Execute&265,workload-3608701512871620576,0,82435,50000,25,0,232,2467
1690704739849632004,/faas.Executor/Execute&158,workload-166606910682527273,0,105054,50000,20,0,263,732
1690704739851222422,/faas.Executor/Execute&472,workload-3125079490098264368,0,217143,50000,20,0,239,730
1690704739853983293,/faas.Executor/Execute&799,workload-4527781733403854924,1,212815,50000,18,0,274,1584
1690704739854054877,/faas.Executor/Execute&464,workload-5230592281923689675,0,213274,50000,18,0,254,1353
1690704739854293494,/faas.Executor/Execute&630,workload-8734805917534953085,0,157466,50000,16,0,300,11314
1690704739854301659,/faas.Executor/Execute&218,workload-4881150822998422540,0,156107,50000,22,0,242,13460
1690704739854386488,/faas.Executor/Execute&660,workload-8251331241897564794,0,160174,50000,26,0,344,9315
1690704739854394353,/faas.Executor/Execute&27,workload-4150739586402039736,0,214898,50000,20,0,232,158
1690704739854814429,/faas.Executor/Execute&249,workload-5447200607728969289,0,160214,50000,19,0,219,7551
1690704739856423022,/faas.Executor/Execute&125,workload-3758183539248483284,0,156921,50000,21,0,246,12359
1690704739856967912,/faas.Executor/Execute&667,workload-6458037340178928328,1,94740,50000,18,0,267,9094
1690704739857887244,/faas.Executor/Execute&736,workload-6752720801922396927,0,159796,50000,16,0,246,4794
1690704739860642142,/faas.Executor/Execute&105,workload-7209232319111480861,1,107332,50000,23,0,267,976
1690704739865334400,/faas.Executor/Execute&176,workload-6190772959822420276,0,169791,50000,20,0,249,10475
1690704739865393781,/faas.Executor/Execute&72,workload-6762847015747793763,0,171725,50000,76,0,265,8873
1690704739867006521,/faas.Executor/Execute&503,workload-8613255550668984605,0,106755,50000,19,0,216,953
1690704739872726182,/faas.Executor/Execute&391,workload-6066777786877551500,0,110910,50000,22,0,292,1811
1690704739977881001,/faas.Executor/Execute&187,workload-4787484696622114742,0,215716,50000,19,0,232,8869
1690704739978181534,/faas.Executor/Execute&551,workload-9086765427990333115,0,218248,50000,22,0,301,395
1690704739981881282,/faas.Executor/Execute&257,workload-7428325676157166309,0,218339,50000,21,0,288,5319
1690704739984679232,/faas.Executor/Execute&602,workload-437762749007406577,1,289197,50000,121,0,294,10062
1690704739984705932,/faas.Executor/Execute&196,workload-4857616459994947538,0,220939,50000,39,0,411,5081
1690704739984743573,/faas.Executor/Execute&613,workload-6694850131967486461,0,162479,50000,206,0,275,267
1690704739984753792,/faas.Executor/Execute&654,workload-8082798631576332215,0,157171,50000,23,0,476,112
1690704740113356161,/faas.Executor/Execute&614,workload-3791539588577093268,0,357131,50000,26,0,486,2654
1690704740115295894,/faas.Executor/Execute&711,workload-2414953357177727468,0,351005,50000,19,0,421,5421
1690704740115808113,/faas.Executor/Execute&463,workload-4969935288476038349,0,360327,50000,26,0,370,1683
1690704740115823021,/faas.Executor/Execute&633,workload-3499190798366974312,0,292384,50000,17,0,543,142
1690704740115974735,/faas.Executor/Execute&727,workload-6828937890625173312,0,352818,50000,27,0,301,5093
1690704740116122852,/faas.Executor/Execute&100,workload-4725359196390736838,0,291553,50000,151,0,347,524
1690704740116196831,/faas.Executor/Execute&556,workload-6839952153670844104,0,352141,50000,85,0,487,7385
1690704740116333006,/faas.Executor/Execute&36,workload-3240148124845499207,0,299933,50000,223,0,464,250
1690704740116545514,/faas.Executor/Execute&671,workload-1271908178956643968,0,352551,50000,18,0,278,5181
1690704740120229903,/faas.Executor/Execute&144,workload-2749523252991433082,0,358902,50000,31,0,357,2111
1690704740120535124,/faas.Executor/Execute&646,workload-8245761545587216887,0,303017,50000,49,0,343,938
1690704740120679375,/faas.Executor/Execute&750,workload-2763476843502282628,0,293751,50000,104,0,360,52
1690704740120748644,/faas.Executor/Execute&579,workload-7072932987421496296,0,357329,50000,26,0,426,5087
1690704740120826119,/faas.Executor/Execute&275,workload-7643985630429523773,0,359243,50000,14,0,280,2569
1690704740120872977,/faas.Executor/Execute&227,workload-8461821953123650641,1,303043,50000,19,0,351,1135
1690704740121012038,/faas.Executor/Execute&678,workload-4182022858445831027,0,359441,50000,21,0,441,2326
1690704740121079334,/faas.Executor/Execute&278,workload-9041627805159532580,0,368122,50000,30,0,310,151
1690704740121121362,/faas.Executor/Execute&4,workload-6804146860048269727,1,295125,50000,43,0,313,98
1690704740121666904,/faas.Executor/Execute&754,workload-3091541722623873116,0,297807,50000,20,0,241,322
1690704740121756251,/faas.Executor/Execute&521,workload-3424432755542630030,0,359550,50000,21,0,288,8585
1690704740155919027,/faas.Executor/Execute&677,workload-1144901308502938948,0,394464,50000,32,0,520,801
1690704740156323014,/faas.Executor/Execute&598,workload-2738648033615350172,0,412583,50000,50,0,438,324
1690704740156384379,/faas.Executor/Execute&376,workload-4253428624037577260,0,457873,50000,43,0,305,13631
1690704740156549999,/faas.Executor/Execute&40,workload-8045178761325142467,0,392813,50000,83,0,326,5019
1690704740156558164,/faas.Executor/Execute&140,workload-4210628920539857910,0,396967,50000,27,0,433,98
1690704740156709778,/faas.Executor/Execute&198,workload-1218630304033454856,0,331201,50000,54,0,402,63
1690704740156717893,/faas.Executor/Execute&758,workload-9200610172611282698,0,333409,50000,24,0,487,115
1690704740156942574,/faas.Executor/Execute&686,workload-2229386321489686972,0,334208,50000,33,0,343,122
1690704740157052670,/faas.Executor/Execute&56,workload-4188283017349582892,0,413595,50000,43,0,361,60
1690704740157205486,/faas.Executor/Execute&374,workload-8447901038662331598,0,339478,50000,126,0,452,620
1690704740157257984,/faas.Executor/Execute&343,workload-1904574885691018520,0,324578,50000,173,0,447,73303
1690704740159025695,/faas.Executor/Execute&117,workload-7946926722346508241,0,334812,50000,27,0,244,1014
1690704740159103600,/faas.Executor/Execute&488,workload-1890858404491552911,0,335983,50000,82,0,304,582
1690704740159171628,/faas.Executor/Execute&512,workload-1003007382604902769,0,341241,50000,89,0,352,1377
1690704740159243542,/faas.Executor/Execute&26,workload-1510428878418684801,0,333756,50000,56,0,215,66
1690704740159415915,/faas.Executor/Execute&65,workload-5087184688272341759,0,395419,50000,19,0,300,5274
1690704740161141998,/faas.Executor/Execute&385,workload-4569788670432505593,0,398371,50000,18,0,246,9248
1690704740161247786,/faas.Executor/Execute&113,workload-2965056838187849346,0,400764,50000,28,0,302,295
1690704740161257484,/faas.Executor/Execute&91,workload-4710867994113059808,0,336102,50000,28,0,377,805
1690704740161260560,/faas.Executor/Execute&643,workload-151130352996357170,0,315958,50000,63,0,323,20594
1690704740161332494,/faas.Executor/Execute&266,workload-6180512093645699442,1,334848,50000,174,0,283,909
1690704740161345529,/faas.Executor/Execute&133,workload-2863000950080157384,0,461955,50000,119,0,361,14347
1690704740161349656,/faas.Executor/Execute&422,workload-2133320762957613430,0,344636,50000,217,0,242,1025
1690704740161353313,/faas.Executor/Execute&412,workload-4114113655215595334,0,396713,50000,158,0,366,5863
1690704740161369514,/faas.Executor/Execute&730,workload-9161996984053667565,0,333528,50000,29,0,473,716
1690704740161430508,/faas.Executor/Execute&403,workload-7489889058888475013,0,399116,50000,247,0,302,6062
1690704740161532208,/faas.Executor/Execute&234,workload-9033193483254817492,0,399430,50000,285,0,339,5831
1690704740162086987,/faas.Executor/Execute&473,workload-7573590671959782635,0,401361,50000,23,0,427,59
1690704740162253990,/faas.Executor/Execute&229,workload-8032263272315598347,0,307157,50000,13,0,437,96132
1690704740250564737,/faas.Executor/Execute&44,workload-7205077612225555653,0,431061,50000,52,0,382,2009
1690704740250618307,/faas.Executor/Execute&666,workload-7263503451587911702,1,490257,50000,150,0,413,460
1690704740250662931,/faas.Executor/Execute&474,workload-3015163144907627636,0,498062,50000,62,0,577,841
1690704740250927346,/faas.Executor/Execute&689,workload-3695612509095183502,0,420862,50000,18,0,330,77241
1690704740250945540,/faas.Executor/Execute&455,workload-1299141940596026177,0,433127,50000,108,0,536,571
1690704740250950489,/faas.Executor/Execute&147,workload-6800676492809288009,0,490137,50000,64,0,469,125
1690704740250955469,/faas.Executor/Execute&109,workload-3032447468186378788,0,433117,50000,37,0,305,931
1690704740250959817,/faas.Executor/Execute&215,workload-9196721497557605755,0,489593,50000,31,0,708,1511
1690704740250981117,/faas.Executor/Execute&692,workload-5648943895809690814,1,498076,50000,275,0,302,341
1690704740251086083,/faas.Executor/Execute&149,workload-7787124521464003664,0,491607,50000,108,0,344,47
1690704740251417594,/faas.Executor/Execute&580,workload-3609783191367899617,0,489319,50000,45,0,346,8777
1690704740251425830,/faas.Executor/Execute&310,workload-5288611131068012069,0,433838,50000,30,0,255,1029
1690704740251428995,/faas.Executor/Execute&384,workload-5141872770648052995,0,489700,50000,36,0,229,8663
1690704740251580760,/faas.Executor/Execute&456,workload-9139059753236644137,0,488673,50000,19,0,220,5059
1690704740251656071,/faas.Executor/Execute&416,workload-8318517054289202925,0,489569,50000,28,0,364,9091
1690704740251851256,/faas.Executor/Execute&784,workload-1735432538729022513,0,424775,50000,31,0,248,188
1690704740251857398,/faas.Executor/Execute&377,workload-5257902376327834950,0,424839,50000,15,0,307,39
1690704740251875041,/faas.Executor/Execute&609,workload-1436231835128972149,0,491090,50000,26,0,468,350
1690704740251884549,/faas.Executor/Execute&421,workload-7726016262472769633,0,490145,50000,18,0,323,8512
1690704740252011196,/faas.Executor/Execute&662,workload-6885411188919216702,1,435143,50000,29,0,261,1114
1690704740252074474,/faas.Executor/Execute&539,workload-7199282359209954141,0,492301,50000,25,0,384,111
1690704740252145938,/faas.Executor/Execute&415,workload-529085171306938886,0,489886,50000,27,0,230,9092
1690704740252197595,/faas.Executor/Execute&379,workload-226749512022484985,0,489397,50000,44,0,240,33
1690704740252536990,/faas.Executor/Execute&709,workload-455664342946854235,1,426895,50000,28,0,301,66147
1690704740252597864,/faas.Executor/Execute&186,workload-6671233741211969713,0,428546,50000,26,0,303,46
1690704740252740942,/faas.Executor/Execute&76,workload-6496827666466929288,0,491119,50000,18,0,215,6398
1690704740252766721,/faas.Executor/Execute&616,workload-7303671490308930468,0,490392,50000,26,0,266,9165
1690704740252952799,/faas.Executor/Execute&429,workload-8759661567449666405,0,489420,50000,18,0,354,5128
1690704740384633834,/faas.Executor/Execute&179,workload-4691648380778664333,0,556955,50000,41,0,408,96
1690704740384650385,/faas.Executor/Execute&637,workload-8053409650653861693,0,556753,50000,59,0,390,172
1690704740384767755,/faas.Executor/Execute&55,workload-9101798628739837518,0,555241,50000,54,0,380,118
1690704740384783173,/faas.Executor/Execute&169,workload-5371840932383195459,0,555422,50000,24,0,274,45
1690704740384896906,/faas.Executor/Execute&550,workload-1304701096696159497,0,556289,50000,93,0,460,49
1690704740384907496,/faas.Executor/Execute&112,workload-4256289256662973060,0,556292,50000,85,0,373,86
1690704740384912145,/faas.Executor/Execute&165,workload-928703728211807514,0,557435,50000,120,0,460,111
1690704740384947662,/faas.Executor/Execute&254,workload-6664807710521835346,0,557296,50000,53,0,639,92
1690704740385120175,/faas.Executor/Execute&200,workload-3758945471846838547,0,557809,50000,38,0,382,797
1690704740385271568,/faas.Executor/Execute&772,workload-5668089468886788298,0,556532,50000,60,0,418,53
1690704740385345216,/faas.Executor/Execute&387,workload-7628215371317127617,0,557347,50000,39,0,442,50
1690704740385515365,/faas.Executor/Execute&339,workload-8746458827388326442,0,556862,50000,48,0,283,42
1690704740385558916,/faas.Executor/Execute&138,workload-735470500982257196,0,556846,50000,21,0,280,55
1690704740385723454,/faas.Executor/Execute&789,workload-3414241736082205684,0,557750,50000,33,0,322,43
1690704740386048804,/faas.Executor/Execute&39,workload-230278642038986587,0,625829,50000,22,0,251,55
1690704740386320302,/faas.Executor/Execute&535,workload-6749205241362440114,0,558036,50000,110,0,260,59
1690704740386329840,/faas.Executor/Execute&693,workload-3003166854165432270,0,626068,50000,164,0,243,101
1690704740386417574,/faas.Executor/Execute&664,workload-8796460079934350047,0,557364,50000,39,0,475,51
1690704740392193701,/faas.Executor/Execute&531,workload-5651710727805789056,0,562834,50000,22,0,231,714
1690704740405169700,/faas.Executor/Execute&156,workload-1631244508013960851,0,576493,50000,43,0,451,541
1690704740419927146,/faas.Executor/Execute&392,workload-6425536724632981130,0,591102,50000,26,0,347,1131
1690704740511824399,/faas.Executor/Execute&645,workload-6837996777845862799,1,758155,50000,58,0,377,602
1690704740511926811,/faas.Executor/Execute&495,workload-7228933568903212112,0,678357,50000,46,0,421,68663
1690704740511945095,/faas.Executor/Execute&762,workload-981424107036072937,1,751687,50000,103,0,285,371
1690704740512026858,/faas.Executor/Execute&759,workload-4328843679675401102,0,679602,50000,51,0,446,73456
1690704740512039752,/faas.Executor/Execute&226,workload-4903716511152727369,0,746590,50000,133,0,328,695
1690704740512044822,/faas.Executor/Execute&490,workload-8546901048801405151,0,758343,50000,249,0,297,1027
1690704740512332972,/faas.Executor/Execute&34,workload-2392976202928832442,0,679234,50000,51,0,823,73433
1690704740512683228,/faas.Executor/Execute&51,workload-4080358931294190808,0,678086,50000,411,0,438,69140
1690704740512696593,/faas.Executor/Execute&157,workload-6836307212208934744,0,680972,50000,37,0,780,74829
1690704740512701111,/faas.Executor/Execute&440,workload-8531456496126253832,0,677229,50000,335,0,569,12979
1690704740512903901,/faas.Executor/Execute&162,workload-6135954216331530658,0,681123,50000,516,0,365,72796
1690704740512908740,/faas.Executor/Execute&766,workload-6917814654876259248,0,684041,50000,46,0,1026,1017
1690704740512911816,/faas.Executor/Execute&19,workload-2829479508188210120,0,696045,50000,35,0,694,392
1690704740512916124,/faas.Executor/Execute&451,workload-8235105461070461594,0,746590,50000,169,0,840,6216
1690704740512918809,/faas.Executor/Execute&538,workload-3728916633459071639,0,682541,50000,27,0,402,76809
1690704740512921594,/faas.Executor/Execute&737,workload-6753125310619028127,0,681682,50000,279,0,766,76781
1690704740512924048,/faas.Executor/Execute&529,workload-6489203974569648128,0,679204,50000,311,0,877,73595
1690704740512926353,/faas.Executor/Execute&163,workload-7608673353067670516,0,679648,50000,28,0,281,13637
1690704740513051828,/faas.Executor/Execute&527,workload-2648416439770997817,0,682505,50000,533,0,1031,75395
1690704740513061957,/faas.Executor/Execute&127,workload-2067225449098322399,0,687667,50000,104,0,463,60874
1690704740513066876,/faas.Executor/Execute&31,workload-3942189490464061064,0,681853,50000,181,0,386,72774
1690704740513089398,/faas.Executor/Execute&289,workload-8590708467531201888,0,680333,50000,21,0,939,72869
1690704740513300644,/faas.Executor/Execute&776,workload-6561045705256200410,0,750137,50000,39,0,1524,1612
1690704740513306114,/faas.Executor/Execute&322,workload-7602319261983216169,0,679324,50000,299,0,712,68756
1690704740513309190,/faas.Executor/Execute&124,workload-5291512247840510793,0,680330,50000,220,0,340,73415
1690704740513312526,/faas.Executor/Execute&367,workload-810023410903917120,0,671479,50000,92,0,952,82099
1690704740513315482,/faas.Executor/Execute&328,workload-6942073628918803369,0,680505,50000,242,0,823,73619
1690704740513318167,/faas.Executor/Execute&542,workload-1538077083654131731,0,672996,50000,17,0,1052,86007
1690704740513338575,/faas.Executor/Execute&139,workload-4315597096718291129,0,657794,50000,17,0,1207,32927
1690704740513528360,/faas.Executor/Execute&43,workload-4446739806650740854,0,683267,50000,24,0,1126,75416
1690704740513535063,/faas.Executor/Execute&534,workload-1931830785941822529,0,760121,50000,316,0,560,77
1690704740513538409,/faas.Executor/Execute&282,workload-3294256574859706097,0,680714,50000,354,0,440,73179
1690704740513541485,/faas.Executor/Execute&398,workload-5659550874413464766,0,683080,50000,24,0,473,76585
1690704740513647042,/faas.Executor/Execute&449,workload-8222054971773502630,0,681809,50000,387,0,464,73054
1690704740513793246,/faas.Executor/Execute&324,workload-1091948276373308309,3,671157,50000,20,0,278,22419
1690704740513798115,/faas.Executor/Execute&797,workload-7204231870470202148,0,694029,50000,29,0,329,1297
1690704740515871027,/faas.Executor/Execute&597,workload-7295485536847402059,0,668944,50000,15,0,328,87812
1690704740516198982,/faas.Executor/Execute&482,workload-8358841347786361490,0,685091,50000,24,0,335,72662
1690704740516252291,/faas.Executor/Execute&749,workload-1244940135345863494,0,673838,50000,17,0,301,20659
1690704740520022972,/faas.Executor/Execute&80,workload-3025001846460903617,0,688701,50000,29,0,304,72902
1690704740520108412,/faas.Executor/Execute&788,workload-3250104052574507481,0,703169,50000,41,0,350,1204
1690704740520223387,/faas.Executor/Execute&491,workload-1730406774184014233,0,756022,50000,43,0,420,5453
1690704740520637262,/faas.Executor/Execute&78,workload-7030036890576562502,0,689773,50000,42,0,297,72560
1690704740523263731,/faas.Executor/Execute&748,workload-8525220774826848293,0,692295,50000,24,0,311,72765
1690704740525994425,/faas.Executor/Execute&33,workload-4589163117530819791,0,694512,50000,25,0,257,73086
1690704740526122395,/faas.Executor/Execute&284,workload-6178712655815384309,0,762761,50000,23,0,372,10044
1690704740531851554,/faas.Executor/Execute&270,workload-2990039006851309870,0,772458,50000,27,0,306,418
1690704740531955068,/faas.Executor/Execute&62,workload-61591071049568953,0,698854,50000,46,0,346,73950
1690704740533048585,/faas.Executor/Execute&14,workload-3297666792538187390,0,699322,50000,27,0,243,69357
1690704740537204157,/faas.Executor/Execute&506,workload-2600483043025143255,0,777487,50000,25,0,303,754
1690704740537443555,/faas.Executor/Execute&256,workload-7942440923575846869,0,702403,50000,24,0,590,12513
1690704740537460878,/faas.Executor/Execute&141,workload-6371505393808271253,0,704299,50000,44,0,512,73836
1690704740542913218,/faas.Executor/Execute&685,workload-251645172674484106,0,711800,50000,20,0,361,72914
1690704740583155799,/faas.Executor/Execute&590,workload-7693201158478386940,0,748952,50000,29,0,396,11995
1690704740596954730,/faas.Executor/Execute&701,workload-7937910723075088719,0,746833,50000,47,0,13597,10923
1690704740596974117,/faas.Executor/Execute&244,workload-2525883515807682923,0,762497,50000,49,0,8233,1062
1690704740596978525,/faas.Executor/Execute&67,workload-7631423889004802930,0,748011,50000,49,0,14134,11763
1690704740597057663,/faas.Executor/Execute&345,workload-2653038193590297922,1,753663,50000,43,0,7250,10953
1690704740597068804,/faas.Executor/Execute&545,workload-6615256441860921028,0,753474,50000,48,0,6144,11565
1690704740597074374,/faas.Executor/Execute&338,workload-4443626244867626974,1,755064,50000,30,0,6199,11869
1690704740597077410,/faas.Executor/Execute&764,workload-6414393807241569554,0,748512,50000,131,0,13791,12049
1690704740597080476,/faas.Executor/Execute&393,workload-2582522726828733489,0,771483,50000,18,0,1241,1424
1690704740597107045,/faas.Executor/Execute&386,workload-6607629372146621869,1,753062,50000,26,0,9477,11645
1690704740597123045,/faas.Executor/Execute&744,workload-4697026980516760775,0,749622,50000,72,0,11538,12535
1690704740597148172,/faas.Executor/Execute&500,workload-394808400910341275,0,748066,50000,45,0,14017,11819
1690704740597160776,/faas.Executor/Execute&437,workload-6786851639857700556,0,747406,50000,43,0,13990,76744
1690704740597720254,/faas.Executor/Execute&272,workload-4431050716601680232,0,833166,50000,40,0,317,58
1690704740599281688,/faas.Executor/Execute&442,workload-5513434281734921103,0,766784,50000,24,0,314,73424
1690704740644582110,/faas.Executor/Execute&501,workload-5385146377292062310,0,808824,50000,49,0,378,11432
1690704740644695372,/faas.Executor/Execute&224,workload-8786874973635961129,0,817348,50000,117,0,371,561
1690704740644715300,/faas.Executor/Execute&796,workload-7068373513400622878,0,816856,50000,211,0,353,177
1690704740644766746,/faas.Executor/Execute&263,workload-3452858060350028364,0,813938,50000,242,0,350,77096
1690704740644780852,/faas.Executor/Execute&236,workload-6508487449183300283,0,777237,50000,278,0,334,40605
1690704740644871602,/faas.Executor/Execute&691,workload-8938404579081683019,2,805816,50000,16,0,398,84965
1690704740644893844,/faas.Executor/Execute&798,workload-2176424339784164829,0,810006,50000,357,0,349,11827
1690704740644928930,/faas.Executor/Execute&657,workload-4944845208569221506,0,789683,50000,30,0,430,33317
1690704740645057350,/faas.Executor/Execute&334,workload-2353130912755047845,0,822319,50000,92,0,377,873
1690704740645087837,/faas.Executor/Execute&546,workload-5023883193951963516,0,815753,50000,426,0,471,410
1690704740645146106,/faas.Executor/Execute&568,workload-6274886421788314685,0,808686,50000,44,0,431,11048
1690704740645155574,/faas.Executor/Execute&647,workload-5570293274804021787,0,818443,50000,48,0,371,184
1690704740645264468,/faas.Executor/Execute&774,workload-1400363573891509173,1,797301,50000,77,0,372,21992
1690704740645292671,/faas.Executor/Execute&142,workload-5792373768067378108,0,808089,50000,35,0,364,10924
1690704740645315614,/faas.Executor/Execute&794,workload-5975839844162815358,0,808443,50000,213,0,355,11138
1690704740645326194,/faas.Executor/Execute&507,workload-803891011649628600,0,811088,50000,40,0,329,11954
1690704740645356991,/faas.Executor/Execute&656,workload-1383027463125158282,0,778642,50000,20,0,305,107404
1690704740645498106,/faas.Executor/Execute&480,workload-3125850093724470517,0,810358,50000,87,0,425,11641
1690704740645542188,/faas.Executor/Execute&779,workload-209311218691705424,0,819902,50000,226,0,373,65944
1690704740645613822,/faas.Executor/Execute&499,workload-1436491968463879719,0,809725,50000,29,0,343,14076
1690704740645699112,/faas.Executor/Execute&523,workload-888107046676907142,0,808993,50000,24,0,321,11138
1690704740645707187,/faas.Executor/Execute&151,workload-828094509971243427,0,809137,50000,25,0,310,11059
1690704740645731162,/faas.Executor/Execute&698,workload-5168269422848309835,0,804500,50000,49,0,295,76745
1690704740645784211,/faas.Executor/Execute&564,workload-3687872169760934050,1,810803,50000,41,0,242,11667
1690704740645908184,/faas.Executor/Execute&641,workload-8655534469294184753,0,809642,50000,60,0,300,76843
1690704740646071840,/faas.Executor/Execute&760,workload-2725564316968597911,0,808657,50000,28,0,322,10890
1690704740646185493,/faas.Executor/Execute&15,workload-5200381749163775711,0,819077,50000,83,0,350,60
1690704740646193578,/faas.Executor/Execute&438,workload-9115472812014433737,0,807577,50000,29,0,327,78331
1690704740646472190,/faas.Executor/Execute&625,workload-4828649701368240276,0,823757,50000,16,0,280,61
1690704740646482309,/faas.Executor/Execute&108,workload-8377612911556240930,0,812104,50000,17,0,368,12047
1690704740646546709,/faas.Executor/Execute&359,workload-5635262698270411578,0,809626,50000,25,0,273,10850
1690704740648596859,/faas.Executor/Execute&381,workload-806691985668835292,0,807573,50000,22,0,287,81765
1690704740650059127,/faas.Executor/Execute&84,workload-677119727377194645,0,810054,50000,30,0,289,86267
1690704740650105704,/faas.Executor/Execute&79,workload-7793021247592457723,0,809299,50000,75,0,286,81582
1690704740651926804,/faas.Executor/Execute&554,workload-1849973979161252736,0,890502,50000,25,0,419,2366
1690704740655570377,/faas.Executor/Execute&238,workload-8326770161973005273,0,784954,50000,16,0,262,49115
1690704740655660526,/faas.Executor/Execute&48,workload-517133158950290942,1,813762,50000,35,0,347,77232
1690704740656040448,/faas.Executor/Execute&380,workload-1655214167813771133,0,813468,50000,20,0,380,20703
1690704740656240583,/faas.Executor/Execute&255,workload-2589328012242240289,0,816845,50000,16,0,333,85545
1690704740661364809,/faas.Executor/Execute&189,workload-3658717658202382416,0,818915,50000,47,0,481,25211
1690704740661373735,/faas.Executor/Execute&694,workload-8604673456464857810,0,820077,50000,165,0,349,76911
1690704740661423599,/faas.Executor/Execute&753,workload-6600854067315334857,0,822990,50000,151,0,404,11021
1690704740667247164,/faas.Executor/Execute&706,workload-4486262245683707655,0,829368,50000,26,0,371,11307
1690704740667330781,/faas.Executor/Execute&719,workload-5228041715888139159,0,829554,50000,91,0,361,11350
1690704740673246068,/faas.Executor/Execute&57,workload-4214242617028904250,0,839877,50000,56,0,392,68648
1690704740673317853,/faas.Executor/Execute&146,workload-4021931863791452586,0,844194,50000,56,0,521,578
1690704740673336267,/faas.Executor/Execute&276,workload-7800512407657592300,0,835962,50000,19,0,433,10848
1690704740673727991,/faas.Executor/Execute&560,workload-7583905318915284532,0,801611,50000,12,0,433,43934
1690704740673825393,/faas.Executor/Execute&110,workload-3955986430562394371,0,846339,50000,20,0,277,349
1690704740674051166,/faas.Executor/Execute&767,workload-7938005163421510374,0,835497,50000,73,0,378,9908
1690704740674074690,/faas.Executor/Execute&152,workload-3170383760203439466,0,854117,50000,147,0,316,240
1690704740674115737,/faas.Executor/Execute&58,workload-7105855709285123227,0,835367,50000,175,0,305,78299
1690704740675784301,/faas.Executor/Execute&768,workload-8411802639604500093,1,915266,50000,22,0,300,1393
1690704740684209820,/faas.Executor/Execute&372,workload-6151160933424483515,0,841120,50000,20,0,417,21185
1690704740684794044,/faas.Executor/Execute&337,workload-5165526776205423851,0,830029,50000,35,0,374,32985
1690704740685152756,/faas.Executor/Execute&295,workload-8561873306164959572,0,853234,50000,33,0,253,67728
1690704740689658764,/faas.Executor/Execute&428,workload-2806524709381294054,0,848199,50000,28,0,238,77225
1690704740689806841,/faas.Executor/Execute&405,workload-8182219595544756862,0,849403,50000,89,0,297,82105
1690704740690186031,/faas.Executor/Execute&369,workload-4306377750092681153,0,843707,50000,20,0,271,24997
1690704740691966906,/faas.Executor/Execute&518,workload-7903221963048810020,0,859218,50000,24,0,378,78979
1690704740694608703,/faas.Executor/Execute&702,workload-2337307476632004127,0,822417,50000,20,0,285,107867
1690704740694616137,/faas.Executor/Execute&32,workload-3802254846692995276,0,931709,50000,24,0,296,6451
1690704740696360734,/faas.Executor/Execute&576,workload-6403377292081721860,0,855751,50000,27,0,348,82025
1690704740696433581,/faas.Executor/Execute&781,workload-4872695227331220809,0,842703,50000,85,0,325,94584
1690704740696442698,/faas.Executor/Execute&443,workload-2344879272527138090,0,853618,50000,25,0,306,20973
1690704740701193905,/faas.Executor/Execute&761,workload-1903564058064178821,0,857084,50000,20,0,323,21409
1690704740728768182,/faas.Executor/Execute&713,workload-7471131784923176028,0,885300,50000,19,0,345,84124
1690704740728776388,/faas.Executor/Execute&644,workload-8486387886590237432,0,903604,50000,21,0,345,1018
1690704740728792418,/faas.Executor/Execute&128,workload-4536321114018148121,0,884041,50000,67,0,360,20954
1690704740728845367,/faas.Executor/Execute&746,workload-1216151545407603314,1,885283,50000,24,0,456,20827
1690704740728866426,/faas.Executor/Execute&699,workload-1598243075462454215,0,884655,50000,82,0,376,20196
1690704740728872357,/faas.Executor/Execute&290,workload-62415335838062425,0,885435,50000,138,0,353,21457
1690704740728919155,/faas.Executor/Execute&742,workload-5369561469269549992,0,866734,50000,85,0,405,108454
1690704740728952077,/faas.Executor/Execute&12,workload-7748346529081180625,0,892153,50000,177,0,362,14080
1690704740728956996,/faas.Executor/Execute&160,workload-3885605506233862838,0,885478,50000,257,0,294,21454
1690704740728961585,/faas.Executor/Execute&50,workload-1787204495486296153,0,892721,50000,217,0,375,11168
1690704740728994747,/faas.Executor/Execute&674,workload-2908379232555804553,0,891724,50000,276,0,322,11747
1690704740729062303,/faas.Executor/Execute&192,workload-8343938046722772581,0,901399,50000,310,0,352,853
1690704740729075348,/faas.Executor/Execute&47,workload-4719172320995538135,0,886251,50000,432,0,270,20690
1690704740729104943,/faas.Executor/Execute&211,workload-993387110784041285,0,885331,50000,330,0,377,20985
1690704740729113359,/faas.Executor/Execute&561,workload-4221890238277746876,1,894279,50000,365,0,352,12919
1690704740729849678,/faas.Executor/Execute&717,workload-4029361865492387404,0,887229,50000,24,0,291,20991
1690704740731734628,/faas.Executor/Execute&477,workload-8563055902126104220,0,906006,50000,23,0,431,827
1690704740737909592,/faas.Executor/Execute&368,workload-4298438718160217469,0,907554,50000,26,0,328,74164
1690704740773620446,/faas.Executor/Execute&115,workload-3185413130535258435,0,905213,50000,24,0,416,41790
1690704740773664378,/faas.Executor/Execute&510,workload-8923722030541881048,0,907261,50000,135,0,362,41595
1690704740773671722,/faas.Executor/Execute&479,workload-3784778434371342352,0,946128,50000,48,0,439,801
1690704740773677723,/faas.Executor/Execute&94,workload-2953690742532291549,0,911399,50000,29,0,530,103835
1690704740773683193,/faas.Executor/Execute&458,workload-3383065032459131163,0,909552,50000,52,0,372,104995
1690704740773712408,/faas.Executor/Execute&687,workload-8450636462496614390,0,941570,50000,33,0,340,73866
1690704740773719041,/faas.Executor/Execute&38,workload-3384368217378025113,0,1013278,50000,33,0,386,846
1690704740773812035,/faas.Executor/Execute&194,workload-8905094159802559362,0,948343,50000,35,0,484,323
1690704740773823867,/faas.Executor/Execute&300,workload-1589719856274902077,0,934080,50000,44,0,367,86065
1690704740773952007,/faas.Executor/Execute&123,workload-969291633410738763,0,916926,50000,346,0,381,34080
1690704740773961024,/faas.Executor/Execute&511,workload-7838260633714411312,0,950090,50000,236,0,436,601
1690704740774106917,/faas.Executor/Execute&778,workload-5894681384667060753,0,921966,50000,14,0,244,98118
1690704740774118519,/faas.Executor/Execute&407,workload-7115010951390129433,0,911064,50000,363,0,419,104337
1690704740774139658,/faas.Executor/Execute&145,workload-7831373476438106380,0,945040,50000,24,0,400,68875
1690704740774169544,/faas.Executor/Execute&435,workload-2425321556119063405,0,938224,50000,59,0,259,15753
1690704740774204209,/faas.Executor/Execute&259,workload-4742587398367045967,0,942409,50000,47,0,398,72868
1690704740774277527,/faas.Executor/Execute&203,workload-7859666879307325811,0,914387,50000,26,0,317,101019
1690704740774286153,/faas.Executor/Execute&668,workload-500620063315133235,0,929686,50000,532,0,413,20617
1690704740774357877,/faas.Executor/Execute&172,workload-4016669072622340786,0,943051,50000,271,0,327,72653
1690704740774526292,/faas.Executor/Execute&604,workload-6257659054539405331,0,904803,50000,718,0,552,114924
1690704740774535520,/faas.Executor/Execute&231,workload-3306663372955350710,0,945889,50000,70,0,368,74
1690704740774538766,/faas.Executor/Execute&24,workload-9161106786089450827,0,936353,50000,21,0,297,78032
1690704740774541821,/faas.Executor/Execute&366,workload-8992734884599003444,0,915994,50000,856,0,356,31629
1690704740774545759,/faas.Executor/Execute&143,workload-8637102544754444806,0,918975,50000,43,0,274,32835
1690704740774642891,/faas.Executor/Execute&340,workload-1793141914782037229,0,912984,50000,105,0,315,103356
1690704740774646327,/faas.Executor/Execute&665,workload-6553713274955569893,0,937451,50000,360,0,306,10977
1690704740774762986,/faas.Executor/Execute&383,workload-2027084823916957750,0,901274,50000,258,0,366,46989
1690704740774809793,/faas.Executor/Execute&174,workload-9187617305505794141,0,926856,50000,264,0,413,22227
1690704740774869285,/faas.Executor/Execute&363,workload-1263250798416499696,0,930582,50000,685,0,407,19981
1690704740785793422,/faas.Executor/Execute&414,workload-6032705565913289651,0,946286,50000,29,0,357,10622
1690704740785876387,/faas.Executor/Execute&771,workload-3081174288262634398,0,936800,50000,103,0,386,23021
1690704740790613849,/faas.Executor/Execute&484,workload-6442251119864088327,0,945019,50000,23,0,385,22385
1690704740790680354,/faas.Executor/Execute&763,workload-5321748332404421038,0,1036621,50000,31,0,324,1042
1690704740790806370,/faas.Executor/Execute&177,workload-7008529397181112618,0,967639,50000,19,0,390,253
1690704740790817060,/faas.Executor/Execute&317,workload-7425962723808599490,0,973872,50000,133,0,301,547
1690704740790903993,/faas.Executor/Execute&240,workload-1658465274254633561,0,942908,50000,77,0,445,22230
1690704740790920864,/faas.Executor/Execute&205,workload-5413877629012547125,0,946430,50000,33,0,345,19828
1690704740790925813,/faas.Executor/Execute&303,workload-8328851962451273522,0,940227,50000,11,0,393,91036
1690704740791140045,/faas.Executor/Execute&544,workload-4356315626954111247,0,937363,50000,16,0,343,89303
1690704740795393059,/faas.Executor/Execute&411,workload-8217541082119298841,0,950423,50000,23,0,287,20383
1690704740795508124,/faas.Executor/Execute&297,workload-628004580098575947,0,958208,50000,76,0,327,11307
1690704740795518834,/faas.Executor/Execute&712,workload-6148182862020936596,0,953937,50000,18,0,159,77366
1690704740795724570,/faas.Executor/Execute&589,workload-2121298131109974669,1,943016,50000,16,0,367,94178
1690704740795733917,/faas.Executor/Execute&388,workload-8193214329881291100,0,931112,50000,9,0,315,45395
1690704740802209955,/faas.Executor/Execute&168,workload-1068570252072155719,0,932457,50000,8,0,420,105155
1690704740806189036,/faas.Executor/Execute&262,workload-5691732532479762851,0,962273,50000,21,0,220,20280
1690704740806504457,/faas.Executor/Execute&29,workload-6915871833004323882,0,978183,50000,71,0,441,233
1690704740806601949,/faas.Executor/Execute&0,workload-5857049045489064996,0,940592,50000,108,0,529,41719
1690704740806778981,/faas.Executor/Execute&107,workload-1661807606395284668,0,958032,50000,16,0,249,22589
1690704740806997099,/faas.Executor/Execute&619,workload-732809775649958977,0,952135,50000,20,0,412,32969
1690704740807126932,/faas.Executor/Execute&197,workload-259123561190433540,0,951609,50000,13,0,309,32952
1690704740812933246,/faas.Executor/Execute&519,workload-1218177465777610095,0,954791,50000,12,0,319,31890
1690704740813058530,/faas.Executor/Execute&425,workload-4572248632385268549,0,961687,50000,12,0,450,95063
1690704740813066626,/faas.Executor/Execute&635,workload-7439276917317357644,1,939952,50000,153,0,274,48811
1690704740813070082,/faas.Executor/Execute&97,workload-4998229293476961694,1,969828,50000,52,0,392,21444
1690704740813281588,/faas.Executor/Execute&467,workload-1881350315521988741,0,942048,50000,18,0,271,46667
1690704740814950363,/faas.Executor/Execute&136,workload-6031090979932401811,0,1061888,50000,24,0,301,450
1690704740816597217,/faas.Executor/Execute&287,workload-8898698485670529173,0,954789,50000,15,0,351,108103
1690704740816822609,/faas.Executor/Execute&99,workload-5298868060269843526,0,949163,50000,17,0,242,107957
1690704740817109356,/faas.Executor/Execute&294,workload-4139071667343056991,0,956075,50000,14,0,373,105058
1690704740818905349,/faas.Executor/Execute&565,workload-4367116595676920047,0,975765,50000,24,0,365,21377
1690704740818991110,/faas.Executor/Execute&410,workload-5155382428949673346,0,986135,50000,77,0,371,73598
1690704740842158986,/faas.Executor/Execute&2,workload-8897998937238201373,0,1013003,50000,26,0,380,110
1690704740842171850,/faas.Executor/Execute&164,workload-259406518273821092,0,997881,50000,32,0,370,20297
1690704740842190264,/faas.Executor/Execute&260,workload-5303662170628743176,0,975553,50000,20,0,369,42219
1690704740842220100,/faas.Executor/Execute&261,workload-6158420218402467884,0,1006548,50000,110,0,319,12210
1690704740842248914,/faas.Executor/Execute&540,workload-6689292819264068179,0,1002454,50000,95,0,376,85898
1690704740842256829,/faas.Executor/Execute&230,workload-7836000845992049683,0,982182,50000,28,0,483,100075
1690704740842313225,/faas.Executor/Execute&639,workload-5343552558529100668,1,977833,50000,97,0,407,105000
1690704740842320288,/faas.Executor/Execute&281,workload-5957687623881213158,0,977893,50000,128,0,383,99881
1690704740842326429,/faas.Executor/Execute&332,workload-3184684154619864906,0,998093,50000,168,0,358,20325
1690704740842449069,/faas.Executor/Execute&636,workload-4325972462575961411,0,1079007,50000,196,0,420,9662
1690704740842488332,/faas.Executor/Execute&607,workload-487370205086886738,0,974170,50000,12,0,449,108489
1690704740845227412,/faas.Executor/Execute&509,workload-7339385281944668398,0,976936,50000,18,0,304,41907
1690704740849109401,/faas.Executor/Execute&587,workload-7419999341193705574,0,1011087,50000,42,0,474,10790
1690704740850830314,/faas.Executor/Execute&28,workload-2780080403993258218,0,1088162,50000,40,0,398,9105
1690704740852414741,/faas.Executor/Execute&782,workload-6870667906132103654,0,1029002,50000,24,0,218,401
1690704740852512144,/faas.Executor/Execute&1,workload-5974844351134905810,0,1027446,50000,24,0,251,389
1690704740852594208,/faas.Executor/Execute&445,workload-6990813983186480333,1,995789,50000,54,0,322,32183
1690704740852678796,/faas.Executor/Execute&180,workload-859526424178578292,0,1000736,50000,9,0,346,97841
1690704740858360736,/faas.Executor/Execute&306,workload-4609379843531853826,0,1095466,50000,22,0,354,9713
1690704740996540070,/faas.Executor/Execute&173,workload-7876733112246461080,0,1136630,50000,7,0,390,102964
1690704740996637443,/faas.Executor/Execute&46,workload-3690669831364228874,1,1122190,50000,28,0,464,51554
1690704740996717222,/faas.Executor/Execute&487,workload-3881988247932665226,0,1151812,50000,28,0,346,20183
1690704740996856352,/faas.Executor/Execute&745,workload-5030661867929898037,0,1128897,50000,10,0,675,38969
1690704740996895496,/faas.Executor/Execute&419,workload-5931430189192269822,0,1133980,50000,18,0,780,104161
1690704740996901757,/faas.Executor/Execute&349,workload-2035725310723746932,0,1136903,50000,31,0,673,99982
1690704740996907087,/faas.Executor/Execute&41,workload-8783158663730397779,0,1125113,50000,29,0,751,47069
1690704740996934749,/faas.Executor/Execute&248,workload-8233374138868719890,0,1133935,50000,80,0,641,104374
1690704740996954606,/faas.Executor/Execute&235,workload-5386327084902335976,0,1135947,50000,29,0,711,100237
1690704740996962121,/faas.Executor/Execute&470,workload-7446967660370482058,0,1157186,50000,37,0,534,85996
1690704740997161183,/faas.Executor/Execute&537,workload-8278882156205922462,0,1153034,50000,28,0,446,19920
1690704740997176201,/faas.Executor/Execute&95,workload-3697163106692277657,0,1129698,50000,76,0,420,41463
1690704740997181852,/faas.Executor/Execute&591,workload-4697171952608369120,0,1169006,50000,23,0,389,42
1690704740997242726,/faas.Executor/Execute&548,workload-6635832314069435484,1,1151970,50000,69,0,335,20300
1690704740997480902,/faas.Executor/Execute&612,workload-8824833181488795091,0,1129439,50000,35,0,288,107939
1690704740997489408,/faas.Executor/Execute&87,workload-5957665961688811946,0,1161252,50000,49,0,385,76871
1690704740997626835,/faas.Executor/Execute&311,workload-2077653603302260672,0,1139622,50000,19,0,404,31500
1690704740997731601,/faas.Executor/Execute&555,workload-8242968719931933707,1,1132479,50000,19,0,335,42438
1690704740997800671,/faas.Executor/Execute&89,workload-4721065235601119668,0,1158886,50000,32,0,333,78267
1690704740997856636,/faas.Executor/Execute&648,workload-8397181183490187377,0,1143101,50000,44,0,201,95565
1690704740997863579,/faas.Executor/Execute&150,workload-4475931315375500836,0,1128426,50000,19,0,372,105006
1690704740997866684,/faas.Executor/Execute&364,workload-1402651753362705597,0,1173910,50000,22,0,275,147
1690704740997998672,/faas.Executor/Execute&258,workload-4533684391420245285,0,1153717,50000,24,0,318,19686
1690704740998185952,/faas.Executor/Execute&314,workload-6817486963942788415,0,1238483,50000,52,0,349,379
1690704740998192895,/faas.Executor/Execute&427,workload-7824068421015550539,0,1152739,50000,21,0,213,20694
1690704740998549844,/faas.Executor/Execute&610,workload-341038740384177062,0,1127454,50000,16,0,388,47210
1690704740998626988,/faas.Executor/Execute&7,workload-7564210038300491995,0,1237257,50000,27,0,260,2684
1690704740998822154,/faas.Executor/Execute&720,workload-1507178769831992633,0,1132407,50000,88,0,373,41648
1690704740998908986,/faas.Executor/Execute&9,workload-3344794887280330150,0,1138247,50000,23,0,345,31249
1690704740998918885,/faas.Executor/Execute&765,workload-5079012676085823976,0,1171693,50000,61,0,406,641
1690704740998971854,/faas.Executor/Execute&457,workload-8936298186409455405,0,1153206,50000,32,0,500,20750
1690704740999173501,/faas.Executor/Execute&581,workload-1113368379748480489,0,1149882,50000,18,0,369,23021
1690704740999185905,/faas.Executor/Execute&273,workload-2747215010467073563,0,1139526,50000,12,0,361,30520
1690704740999210952,/faas.Executor/Execute&52,workload-5547275107213604992,0,1135984,50000,14,0,206,104517
1690704740999219157,/faas.Executor/Execute&325,workload-5481011694898359122,1,1136515,50000,40,0,375,103585
1690704740999302713,/faas.Executor/Execute&161,workload-3150045376694418043,0,1238053,50000,23,0,326,2288
1690704740999319455,/faas.Executor/Execute&350,workload-9054730685833193868,0,1139486,50000,19,0,412,31980
1690704740999548263,/faas.Executor/Execute&23,workload-3005054243664263234,0,1138008,50000,15,0,365,102929
1690704740999578059,/faas.Executor/Execute&214,workload-6874643550413009383,0,1155946,50000,19,0,295,19953
1690704740999688486,/faas.Executor/Execute&406,workload-4871617246895129961,0,1164864,50000,28,0,345,11578
1690704740999715827,/faas.Executor/Execute&120,workload-6549748937979162068,0,1163223,50000,31,0,398,11050
1690704740999761643,/faas.Executor/Execute&582,workload-176703080032312739,0,1136376,50000,13,0,272,104361
1690704740999868413,/faas.Executor/Execute&216,workload-2422099691583753871,0,1164024,50000,23,0,259,11216
1690704741000009377,/faas.Executor/Execute&362,workload-6764962175778154456,0,1175082,50000,18,0,317,297
1690704741000113091,/faas.Executor/Execute&135,workload-3454106789315226970,0,1164090,50000,29,0,191,14551
1690704741000339635,/faas.Executor/Execute&305,workload-8298155578940146907,0,1168857,50000,25,0,351,72360
1690704741000481751,/faas.Executor/Execute&408,workload-1147628477814895156,0,1167168,50000,20,0,353,14214
1690704741000535852,/faas.Executor/Execute&134,workload-6240693055187187140,0,1166278,50000,23,0,196,12032
1690704741000656278,/faas.Executor/Execute&190,workload-8112566355114917659,0,1159771,50000,22,0,331,81804
1690704741000680073,/faas.Executor/Execute&304,workload-1476043643512457788,1,1130637,50000,54,0,335,49818
1690704741000842276,/faas.Executor/Execute&454,workload-5178343138724783469,0,1141719,50000,12,0,348,31485
1690704741001026141,/faas.Executor/Execute&409,workload-5685601454981230344,0,1144333,50000,20,0,344,31580
1690704741001194276,/faas.Executor/Execute&448,workload-5594008930662475728,0,1165921,50000,28,0,362,11762
1690704741001273985,/faas.Executor/Execute&723,workload-5163963750807212793,1,1130096,50000,67,0,401,47601
1690704741001282851,/faas.Executor/Execute&586,workload-4114186791747860508,0,1138347,50000,14,0,316,104202
1690704741001392336,/faas.Executor/Execute&312,workload-3746800359367798149,0,1138865,50000,19,0,376,103904
1690704741001400181,/faas.Executor/Execute&153,workload-5927113085429170233,0,1142366,50000,13,0,336,99131
1690704741001494959,/faas.Executor/Execute&73,workload-7136875397512828646,1,1147978,50000,23,0,242,89239
1690704741001504206,/faas.Executor/Execute&335,workload-937502245362624139,1,1135057,50000,19,0,329,41796
1690704741001507803,/faas.Executor/Execute&20,workload-3456732946991524378,0,1135644,50000,87,0,196,41927
1690704741001636624,/faas.Executor/Execute&690,workload-1182429364094307052,0,1171555,50000,17,0,238,76756
1690704741001722865,/faas.Executor/Execute&592,workload-8019184137293511210,0,1162418,50000,21,0,280,85954
1690704741001735629,/faas.Executor/Execute&675,workload-9124612399938670116,0,1238418,50000,19,0,411,5045
1690704741002017998,/faas.Executor/Execute&309,workload-6409861591433274044,0,1129208,50000,19,0,320,46217
1690704741002130900,/faas.Executor/Execute&601,workload-6779108446094899452,0,1144705,50000,14,0,349,31511
1690704741002139967,/faas.Executor/Execute&632,workload-8354956471488833154,0,1136917,50000,14,0,350,42505
1690704741002143643,/faas.Executor/Execute&517,workload-7727136258287507588,0,1162354,50000,16,0,272,81605
1690704741002159714,/faas.Executor/Execute&769,workload-5445599846502683176,0,1166091,50000,25,0,368,14371
1690704741002207743,/faas.Executor/Execute&524,workload-5004453051126016105,0,1140363,50000,16,0,372,97585
1690704741002339721,/faas.Executor/Execute&493,workload-3024572979394391006,0,1163897,50000,15,0,207,9603
1690704741002388742,/faas.Executor/Execute&441,workload-6561867959817767045,0,1159438,50000,21,0,322,20838
1690704741002592163,/faas.Executor/Execute&452,workload-3045109810765074828,0,1148802,50000,18,0,235,89481
1690704741002599998,/faas.Executor/Execute&209,workload-2892247041049026380,0,1131618,50000,17,0,314,47439
1690704741002684667,/faas.Executor/Execute&543,workload-1767750873039653388,0,1150263,50000,49,0,220,98796
1690704741002716286,/faas.Executor/Execute&402,workload-7590337047570277418,0,1238737,50000,20,0,300,7482
1690704741002720945,/faas.Executor/Execute&676,workload-2120617099806573575,0,1137300,50000,17,0,237,42049
1690704741002792458,/faas.Executor/Execute&755,workload-3868418119596433826,0,1135527,50000,56,0,249,39584
1690704741002801285,/faas.Executor/Execute&330,workload-3249556581667448128,0,1157414,50000,23,0,323,20349
1690704741002804190,/faas.Executor/Execute&318,workload-5177799041075471365,1,1139874,50000,26,0,322,106428
1690704741002997863,/faas.Executor/Execute&171,workload-9100260615785518561,0,1167203,50000,18,0,185,10872
1690704741003074877,/faas.Executor/Execute&356,workload-7775178568021006405,0,1147051,50000,16,0,297,32168
1690704741003088282,/faas.Executor/Execute&575,workload-6880439925604498529,0,1174075,50000,16,0,225,43
1690704741003112087,/faas.Executor/Execute&92,workload-6520900846057185879,0,1134499,50000,12,0,286,104352
1690704741003161399,/faas.Executor/Execute&296,workload-665042925890783883,0,1139685,50000,36,0,291,99254
1690704741003171629,/faas.Executor/Execute&220,workload-1330287469447213234,0,1131245,50000,25,0,277,112431
1690704741003420434,/faas.Executor/Execute&791,workload-6662505596808922248,0,1148195,50000,22,0,287,33377
1690704741003512958,/faas.Executor/Execute&18,workload-1089838172140008982,0,1134414,50000,15,0,367,109758
1690704741003522205,/faas.Executor/Execute&773,workload-3753888691122386627,0,1169846,50000,25,0,453,12093
1690704741003559034,/faas.Executor/Execute&465,workload-4341918690893194382,0,1150753,50000,13,0,362,93511
1690704741003591876,/faas.Executor/Execute&594,workload-2791988316072695819,0,1142735,50000,45,0,448,108004
1690704741003602766,/faas.Executor/Execute&357,workload-8555557025774063636,0,1145190,50000,16,0,220,98255
1690704741003689949,/faas.Executor/Execute&75,workload-1193479627979314780,0,1146264,50000,98,0,232,31386
1690704741003700880,/faas.Executor/Execute&418,workload-1457495746255791648,0,1140603,50000,20,0,306,106636
1690704741003744241,/faas.Executor/Execute&299,workload-282570092031085895,0,1143437,50000,12,0,189,31061
1690704741003754139,/faas.Executor/Execute&751,workload-164701827341716709,0,1240260,50000,23,0,330,5226
1690704741003791930,/faas.Executor/Execute&696,workload-8623475263905782514,0,1133866,50000,13,0,291,48398
1690704741003800095,/faas.Executor/Execute&253,workload-7510368908177962370,1,1138983,50000,20,0,336,42957
1690704741003880857,/faas.Executor/Execute&605,workload-8125380135244356309,0,1166295,50000,15,0,243,10844
1690704741003891777,/faas.Executor/Execute&137,workload-6270874124009419402,2,1150205,50000,16,0,305,89163
1690704741003958432,/faas.Executor/Execute&528,workload-5199220855616432577,0,1133415,50000,15,0,340,48396
1690704741003971166,/faas.Executor/Execute&461,workload-6431350234876480331,0,1176668,50000,20,0,434,801
1690704741004062126,/faas.Executor/Execute&516,workload-5710548691086572481,0,1135418,50000,84,0,167,104427
1690704741004156633,/faas.Executor/Execute&426,workload-5512635086849188538,1,1179449,50000,23,0,317,1506
1690704741004163546,/faas.Executor/Execute&756,workload-3175070198152391604,0,1142086,50000,12,0,218,103815
1690704741004233357,/faas.Executor/Execute&166,workload-410820307832925283,0,1167186,50000,25,0,239,10950
1690704741004299090,/faas.Executor/Execute&264,workload-5303842868620426525,1,1160864,50000,27,0,199,20104
1690704741004422060,/faas.Executor/Execute&375,workload-8802892538953958675,0,1147639,50000,73,0,334,31822
1690704741004430616,/faas.Executor/Execute&64,workload-2929893466210826682,0,1144301,50000,21,0,333,106558
1690704741004700442,/faas.Executor/Execute&650,workload-4436187199306862966,0,1172132,50000,26,0,233,68338
1690704741004760334,/faas.Executor/Execute&360,workload-3415074151818121166,0,1189357,50000,29,0,237,50981
1690704741004828982,/faas.Executor/Execute&557,workload-8596033998226279152,0,1170404,50000,25,0,289,11852
1690704741004835685,/faas.Executor/Execute&481,workload-5643070762669581033,0,1148826,50000,16,0,278,32410
1690704741030644236,/faas.Executor/Execute&710,workload-8415920247182192784,0,1156264,50000,21,0,344,51725
1690704741030747910,/faas.Executor/Execute&483,workload-8133669984512019440,0,1171730,50000,17,0,439,32572
1690704741030929871,/faas.Executor/Execute&541,workload-2588202899806967040,1,1186940,50000,96,0,558,21268
1690704741030938166,/faas.Executor/Execute&358,workload-7343619127636829749,0,1178626,50000,275,0,260,98074
1690704741030942554,/faas.Executor/Execute&213,workload-3789440152286067404,1,1193028,50000,49,0,534,12166
1690704741030956140,/faas.Executor/Execute&83,workload-3964728936491650619,0,1176157,50000,15,0,586,90001
1690704741030968613,/faas.Executor/Execute&3,workload-9004198321309150942,0,1191785,50000,143,0,436,79183
1690704741030977530,/faas.Executor/Execute&476,workload-825309782519162084,0,1264965,50000,159,0,467,1401
1690704741031004440,/faas.Executor/Execute&530,workload-4395112055399343632,0,1190917,50000,223,0,383,79436
1690704741034809276,/faas.Executor/Execute&250,workload-3241206839106020111,0,1162597,50000,25,0,329,111963
1690704741036504951,/faas.Executor/Execute&395,workload-469471424440799151,1,1162170,50000,15,0,232,50644
1690704741038267873,/faas.Executor/Execute&468,workload-1317966263681867679,0,1163806,50000,63,0,321,51125
1690704741038276839,/faas.Executor/Execute&54,workload-372625143287483760,0,1196293,50000,21,0,386,82819
1690704741038491201,/faas.Executor/Execute&652,workload-7294517155292349178,0,1203663,50000,101,0,489,12925
1690704741042373621,/faas.Executor/Execute&333,workload-3818955984146192205,1,1217173,50000,22,0,341,2418
1690704741042382277,/faas.Executor/Execute&106,workload-3087776604452992752,0,1180274,50000,16,0,353,102916
1690704741126322750,/faas.Executor/Execute&271,workload-8072253855354299451,1,1272899,50000,12,0,388,94543
1690704741126334372,/faas.Executor/Execute&669,workload-2272547043300095213,0,1256846,50000,18,0,398,104899
1690704741126372293,/faas.Executor/Execute&68,workload-6517657129837055611,0,1259024,50000,43,0,406,107741
1690704741126459035,/faas.Executor/Execute&520,workload-6322837873810332911,0,1266020,50000,67,0,428,99788
1690704741126523677,/faas.Executor/Execute&655,workload-5154585454809606549,0,1285648,50000,24,0,571,81405
1690704741126570254,/faas.Executor/Execute&726,workload-1151154951558009720,0,1273015,50000,19,0,433,94501
1690704741126577708,/faas.Executor/Execute&341,workload-8477484215775724213,0,1272830,50000,93,0,282,89108
1690704741126581074,/faas.Executor/Execute&508,workload-8899750751394883480,0,1291821,50000,16,0,421,11837
1690704741126606482,/faas.Executor/Execute&734,workload-8494405025352914915,0,1262081,50000,145,0,529,99867
1690704741126624475,/faas.Executor/Execute&478,workload-7569393762826149602,1,1262352,50000,18,0,482,99729
1690704741126631989,/faas.Executor/Execute&663,workload-6970176186629727654,0,1274299,50000,14,0,261,98745
1690704741126639413,/faas.Executor/Execute&486,workload-7996743694543711509,0,1263821,50000,18,0,278,103789
1690704741126685940,/faas.Executor/Execute&738,workload-344246071097776846,0,1263185,50000,93,0,469,104562
1690704741126695739,/faas.Executor/Execute&370,workload-2642262767040174499,0,1291864,50000,45,0,360,11597
1690704741126817196,/faas.Executor/Execute&22,workload-5609760410250712864,0,1262118,50000,15,0,316,48773
1690704741127063067,/faas.Executor/Execute&342,workload-4299652513423848228,0,1286582,50000,38,0,421,81117
1690704741127293197,/faas.Executor/Execute&70,workload-5042218569181651085,0,1305204,50000,33,0,488,46
1690704741128217408,/faas.Executor/Execute&430,workload-6551520598086191312,0,1265258,50000,16,0,387,104291
1690704741128864019,/faas.Executor/Execute&447,workload-119738347598323233,0,1276852,50000,17,0,421,97794
1690704741128874609,/faas.Executor/Execute&74,workload-5403841622640672674,0,1272213,50000,18,0,391,31627
1690704741130272507,/faas.Executor/Execute&549,workload-7685340122524212791,0,1294146,50000,21,0,325,76822
1690704741131374410,/faas.Executor/Execute&740,workload-7924225717051731692,1,1276888,50000,10,0,243,34329
1690704741131382135,/faas.Executor/Execute&715,workload-4246555233339964020,0,1290173,50000,30,0,340,82024
1690704741133108357,/faas.Executor/Execute&400,workload-6118353439330471129,0,1266779,50000,16,0,211,41798
1690704741133295608,/faas.Executor/Execute&8,workload-536808025457299517,0,1279426,50000,16,0,374,95002
1690704741133432104,/faas.Executor/Execute&195,workload-8880725200945123903,0,1263857,50000,18,0,243,105212
1690704741136148611,/faas.Executor/Execute&704,workload-413729968108468652,0,1375397,50000,26,0,355,388
1690704741136311115,/faas.Executor/Execute&5,workload-4771080560849058703,0,1268121,50000,29,0,481,41642
1690704741136719139,/faas.Executor/Execute&69,workload-1715406240414287001,0,1272684,50000,10,0,395,99558
1690704741140488228,/faas.Executor/Execute&53,workload-6438984516469462881,0,1283632,50000,13,0,384,32842
1690704741140521961,/faas.Executor/Execute&752,workload-4150461850751797905,0,1279700,50000,29,0,383,100269
1690704741140682832,/faas.Executor/Execute&288,workload-3999149428834518797,0,1305394,50000,97,0,462,12235
1690704741141452524,/faas.Executor/Execute&86,workload-8360467368392393377,0,1287993,50000,17,0,343,89125
1690704741141766712,/faas.Executor/Execute&283,workload-6222981057552680943,0,1270657,50000,15,0,353,47344
1690704741166668926,/faas.Executor/Execute&777,workload-7259516341807507373,0,1294866,50000,12,0,418,112334
1690704741167074816,/faas.Executor/Execute&279,workload-1726839146156203477,0,1330285,50000,47,0,429,11012
1690704741167080947,/faas.Executor/Execute&494,workload-5195855861686067831,0,1312579,50000,16,0,519,95125
1690704741167089173,/faas.Executor/Execute&679,workload-1917655478703487676,0,1294775,50000,42,0,418,47119
1690704741167091958,/faas.Executor/Execute&462,workload-4987756943591637401,0,1308009,50000,9,0,375,30000
1690704741167094703,/faas.Executor/Execute&286,workload-5652357033921244272,0,1344452,50000,147,0,336,365
1690704741167098470,/faas.Executor/Execute&700,workload-624925435780949754,0,1306817,50000,114,0,430,99188
1690704741167102057,/faas.Executor/Execute&617,workload-9052867426779496412,0,1301962,50000,19,0,526,45668
1690704741167104481,/faas.Executor/Execute&280,workload-7311880671489633985,0,1297833,50000,185,0,340,104481
1690704741167107357,/faas.Executor/Execute&16,workload-175374787299876025,0,1302173,50000,22,0,497,44811
1690704741167109841,/faas.Executor/Execute&353,workload-3046968245640508817,0,1332542,50000,60,0,362,11813
1690704741167290760,/faas.Executor/Execute&121,workload-3008002924716682311,0,1325642,50000,129,0,453,76782
1690704741167760129,/faas.Executor/Execute&233,workload-21168189098597207,0,1294677,50000,18,0,417,44143
1690704741168447536,/faas.Executor/Execute&577,workload-1225076627192959976,0,1308322,50000,14,0,269,99677
1690704741168541522,/faas.Executor/Execute&361,workload-7678988194707798807,0,1299470,50000,20,0,372,104686
1690704741170344398,/faas.Executor/Execute&585,workload-7586842497946062770,0,1298500,50000,19,0,345,48249
1690704741173125526,/faas.Executor/Execute&682,workload-6753530464441406983,0,1305004,50000,19,0,381,108386
1690704741173169118,/faas.Executor/Execute&98,workload-5815576583879951141,0,1315248,50000,48,0,372,31809
1690704741173194856,/faas.Executor/Execute&399,workload-7743700542749228346,0,1332370,50000,23,0,407,81598
1690704741173216697,/faas.Executor/Execute&629,workload-9209895796026863135,0,1314542,50000,75,0,375,98334
1690704741173223650,/faas.Executor/Execute&389,workload-1343669519503172210,0,1310161,50000,26,0,456,103674
1690704741173241624,/faas.Executor/Execute&627,workload-4819176747060776412,0,1306764,50000,109,0,391,42767
1690704741173288572,/faas.Executor/Execute&716,workload-1635872858953460545,0,1317030,50000,78,0,460,34155
1690704741178986011,/faas.Executor/Execute&365,workload-3711523676105466011,0,1323677,50000,18,0,214,33246
1690704741179035805,/faas.Executor/Execute&566,workload-6071924514336557435,0,1312153,50000,14,0,291,41028
1690704741179130923,/faas.Executor/Execute&331,workload-6920330279169719148,0,1316652,50000,31,0,308,103914
1690704741179218487,/faas.Executor/Execute&688,workload-5689647666841762758,1,1313383,50000,97,0,340,41743
1690704741180969526,/faas.Executor/Execute&559,workload-7469353281157822985,0,1310984,50000,20,0,457,105322
1690704741180983823,/faas.Executor/Execute&285,workload-8158971164719806193,0,1347846,50000,22,0,452,73800
1690704741181518033,/faas.Executor/Execute&77,workload-3769400507401880687,0,1307976,50000,17,0,307,45541
1690704741499752110,/faas.Executor/Execute&394,workload-4364211732963919044,0,1674617,50000,42,0,426,975
1690704741499869360,/faas.Executor/Execute&316,workload-3964037978202053447,0,1641630,50000,28,0,588,31627
1690704741499882074,/faas.Executor/Execute&705,workload-5034351941295860093,0,1669238,50000,60,0,468,77561
1690704741499887033,/faas.Executor/Execute&85,workload-5636956734854147435,0,1671133,50000,47,0,557,698
1690704741500030802,/faas.Executor/Execute&371,workload-748280553840895032,1,1632456,50000,141,0,526,42594
1690704741500049557,/faas.Executor/Execute&498,workload-7966990016749745337,0,1664113,50000,39,0,624,11247
1690704741500198697,/faas.Executor/Execute&344,workload-1969114122915300732,0,1673542,50000,33,0,515,103
1690704741500209577,/faas.Executor/Execute&603,workload-3963063886594115418,0,1627395,50000,199,0,666,112387
1690704741500275020,/faas.Executor/Execute&466,workload-2500602546267064702,0,1735771,50000,33,0,430,45
1690704741500283696,/faas.Executor/Execute&785,workload-3926175662953721556,1,1647991,50000,300,0,614,97562
1690704741500287453,/faas.Executor/Execute&11,workload-9009345187544036138,0,1662058,50000,40,0,401,10351
1690704741500290228,/faas.Executor/Execute&770,workload-3214655432686720041,0,1636890,50000,409,0,523,104225
1690704741500363926,/faas.Executor/Execute&131,workload-7565630434257925070,0,1655034,50000,24,0,344,20470
1690704741500389765,/faas.Executor/Execute&104,workload-9123991507392438695,0,1636126,50000,178,0,461,99379
1690704741500398992,/faas.Executor/Execute&795,workload-1988446138466841851,0,1644046,50000,668,0,412,91318
1690704741500450508,/faas.Executor/Execute&792,workload-2526666050715522157,0,1735835,50000,601,0,396,5246
1690704741500521301,/faas.Executor/Execute&593,workload-7586436837000097729,1,1646033,50000,107,0,567,89747
1690704741500535177,/faas.Executor/Execute&243,workload-1313922603016833167,1,1637229,50000,21,0,641,103743
1690704741500589699,/faas.Executor/Execute&119,workload-1142355708948678135,0,1743738,50000,405,0,521,211
1690704741500599778,/faas.Executor/Execute&653,workload-3823789403198687682,0,1678329,50000,68,0,485,399
1690704741500604276,/faas.Executor/Execute&320,workload-2278928750501865411,0,1629540,50000,36,0,457,47489
1690704741500762603,/faas.Executor/Execute&251,workload-5635639001513299908,0,1672352,50000,125,0,376,574
1690704741500786167,/faas.Executor/Execute&382,workload-4266388733491637059,0,1647379,50000,73,0,490,94473
1690704741500910179,/faas.Executor/Execute&684,workload-8888160590255445635,0,1671108,50000,111,0,453,75661
1690704741501055151,/faas.Executor/Execute&228,workload-5335948961763835327,0,1665421,50000,40,0,481,11300
1690704741501137415,/faas.Executor/Execute&620,workload-7535622932339130313,0,1628969,50000,30,0,233,49308
1690704741501146832,/faas.Executor/Execute&111,workload-1032854903552670846,1,1634690,50000,26,0,225,41458
1690704741501283699,/faas.Executor/Execute&178,workload-6056992959000046807,0,1646276,50000,22,0,414,33255
1690704741501384998,/faas.Executor/Execute&129,workload-7011836268781554406,0,1648090,50000,17,0,412,93982
1690704741501493752,/faas.Executor/Execute&21,workload-377271418018149222,0,1636349,50000,11,0,397,42678
1690704741501738380,/faas.Executor/Execute&439,workload-373979860864060203,0,1644550,50000,15,0,394,97613
1690704741501748118,/faas.Executor/Execute&608,workload-2047870197828768801,0,1644817,50000,18,0,414,34762
1690704741501778555,/faas.Executor/Execute&126,workload-4794637245472628549,0,1676570,50000,19,0,351,145
1690704741501839830,/faas.Executor/Execute&122,workload-3812821033906788099,0,1677130,50000,25,0,306,85
1690704741501949325,/faas.Executor/Execute&116,workload-8228811602445783090,0,1640891,50000,13,0,358,104917
1690704741502419526,/faas.Executor/Execute&154,workload-7704367611235618748,0,1629371,50000,14,0,318,45893
1690704741502668141,/faas.Executor/Execute&222,workload-5966242618422560096,0,1664177,50000,24,0,422,9983
1690704741502676968,/faas.Executor/Execute&735,workload-6508252163661713481,1,1669583,50000,16,0,293,13240
1690704741502900146,/faas.Executor/Execute&347,workload-3735265209235531369,0,1668329,50000,18,0,354,11872
1690704741502910696,/faas.Executor/Execute&728,workload-4871202737089263864,0,1639939,50000,65,0,330,104337
1690704741503017987,/faas.Executor/Execute&469,workload-960348020867512191,1,1633411,50000,14,0,359,105214
1690704741503129646,/faas.Executor/Execute&313,workload-3764399371201389202,0,1648979,50000,14,0,199,89864
1690704741503184398,/faas.Executor/Execute&552,workload-4674417126275469573,1,1672976,50000,25,0,353,76090
1690704741503233951,/faas.Executor/Execute&45,workload-5151488580936450088,0,1635485,50000,15,0,381,38566
1690704741503315404,/faas.Executor/Execute&82,workload-3991450219489000534,0,1655440,50000,31,0,219,21931
1690704741503392408,/faas.Executor/Execute&733,workload-2049769536041440252,0,1631304,50000,14,0,327,43101
1690704741503401004,/faas.Executor/Execute&661,workload-5833782921616506575,0,1638449,50000,19,0,438,42598
1690704741503577464,/faas.Executor/Execute&626,workload-2292673554224695343,0,1633784,50000,12,0,331,49978
1690704741503599375,/faas.Executor/Execute&497,workload-4100377261023927792,0,1646455,50000,14,0,336,97830
1690704741503668184,/faas.Executor/Execute&319,workload-3935527183050504274,0,1638692,50000,20,0,378,42593
1690704741503836960,/faas.Executor/Execute&525,workload-6956249020498775359,0,1743088,50000,20,0,221,786
1690704741503955683,/faas.Executor/Execute&563,workload-7376917257450324894,2,1660321,50000,54,0,272,20010
1690704741503964419,/faas.Executor/Execute&88,workload-5457241474603112795,0,1638364,50000,17,0,232,42145
1690704741504122174,/faas.Executor/Execute&697,workload-4902716681826338550,0,1637908,50000,40,0,360,41922
1690704741504128196,/faas.Executor/Execute&188,workload-5333871538099405543,0,1742791,50000,91,0,396,1980
1690704741504177799,/faas.Executor/Execute&96,workload-8712839090329615680,0,1655065,50000,61,0,482,22652
1690704741504246367,/faas.Executor/Execute&206,workload-3005057823309211439,0,1649293,50000,11,0,228,33190
1690704741504308163,/faas.Executor/Execute&225,workload-8300446213920394212,0,1665418,50000,17,0,338,78500
1690704741504315506,/faas.Executor/Execute&714,workload-3275658110430666857,0,1650163,50000,28,0,485,89338
1690704741504425883,/faas.Executor/Execute&775,workload-5790417942823792933,0,1674849,50000,32,0,268,73570
1690704741504490184,/faas.Executor/Execute&622,workload-5492393257676933361,0,1633848,50000,10,0,334,47562
1690704741504556087,/faas.Executor/Execute&223,workload-6035125692791079844,0,1739860,50000,98,0,336,106
1690704741504617612,/faas.Executor/Execute&390,workload-2215783188738978008,0,1642869,50000,21,0,218,103572
1690704741504625878,/faas.Executor/Execute&681,workload-6682267856241720385,0,1648266,50000,11,0,279,31596
1690704741504650514,/faas.Executor/Execute&321,workload-7406049192520775280,0,1674447,50000,24,0,356,76976
1690704741504849727,/faas.Executor/Execute&436,workload-6416770343429937633,0,1674077,50000,17,0,323,72566
1690704741504856089,/faas.Executor/Execute&293,workload-207070370783198559,0,1647178,50000,22,0,353,31479
1690704741504873211,/faas.Executor/Execute&683,workload-6111025789789814320,0,1642935,50000,10,0,420,97664
1690704741505084597,/faas.Executor/Execute&558,workload-1470242997837694277,0,1647078,50000,16,0,322,31796
1690704741505093473,/faas.Executor/Execute&237,workload-5201221740193916339,0,1665028,50000,19,0,363,81756
1690704741505097120,/faas.Executor/Execute&459,workload-1434662207600705933,0,1635105,50000,18,0,233,50144
1690704741505391431,/faas.Executor/Execute&175,workload-7310285763535631525,0,1645066,50000,14,0,255,106497
1690704741505400188,/faas.Executor/Execute&93,workload-4920234334690617736,0,1665982,50000,25,0,388,85693
1690704741530404432,/faas.Executor/Execute&496,workload-1040631090434154707,0,1665189,50000,18,0,244,42608
1690704741530537081,/faas.Executor/Execute&167,workload-2032984867224742053,0,1687728,50000,18,0,285,21077
1690704741530543673,/faas.Executor/Execute&659,workload-5262790762332551950,0,1766140,50000,21,0,231,68
1690704741530614856,/faas.Executor/Execute&572,workload-8982390473439813968,1,1660348,50000,19,0,392,48631
1690704741530633070,/faas.Executor/Execute&578,workload-5648785013991148520,0,1668023,50000,25,0,388,104265
1690704741530640204,/faas.Executor/Execute&301,workload-6850857553103052216,0,1671842,50000,18,0,484,29563
1690704741530689546,/faas.Executor/Execute&743,workload-198502111084912313,0,1675654,50000,13,0,412,90425
1690704741530701188,/faas.Executor/Execute&242,workload-1307888138450483709,0,1670838,50000,15,0,359,99373
1690704741530704464,/faas.Executor/Execute&355,workload-6761183291751050969,0,1689955,50000,87,0,491,82014
1690704741530822896,/faas.Executor/Execute&302,workload-6861667344339820220,0,1663537,50000,45,0,517,41801
1690704741530836181,/faas.Executor/Execute&81,workload-1829859244484934036,0,1669687,50000,74,0,469,107290
1690704741530871347,/faas.Executor/Execute&315,workload-5805604842245025409,0,1663044,50000,12,0,402,38635
1690704741530923414,/faas.Executor/Execute&783,workload-5922570383040337530,0,1696339,50000,18,0,458,12094
1690704741531115915,/faas.Executor/Execute&212,workload-2533700489373940385,0,1671213,50000,97,0,534,31412
1690704741531122898,/faas.Executor/Execute&423,workload-6371599770394975535,0,1690770,50000,25,0,476,80875
1690704741531127436,/faas.Executor/Execute&103,workload-2163597794071227027,0,1659855,50000,10,0,478,47491
1690704741531131163,/faas.Executor/Execute&191,workload-1698619229890909965,0,1769526,50000,49,0,474,2143
1690704741531156591,/faas.Executor/Execute&649,workload-3763374964006696342,0,1664760,50000,59,0,503,41950
1690704741531269542,/faas.Executor/Execute&170,workload-210482227183991527,0,1674884,50000,30,0,416,36030
1690704741531307003,/faas.Executor/Execute&181,workload-647769805350828083,0,1733539,50000,24,0,561,32916
1690704741531367997,/faas.Executor/Execute&185,workload-5709038512460176921,0,1688556,50000,68,0,514,83576
1690704741531416838,/faas.Executor/Execute&536,workload-6725599245677343837,0,1661042,50000,30,0,307,48708
1690704741531432197,/faas.Executor/Execute&267,workload-7461574439662146131,0,1706512,50000,156,0,489,1461
1690704741531467583,/faas.Executor/Execute&444,workload-9168021069275917108,0,1677729,50000,44,0,405,94337
1690704741531479926,/faas.Executor/Execute&670,workload-2773601543632527544,1,1670937,50000,83,0,804,30880
1690704741531521785,/faas.Executor/Execute&60,workload-8504240971460803941,0,1669719,50000,44,0,459,103221
1690704741531583901,/faas.Executor/Execute&708,workload-4414601937891552283,0,1668631,50000,92,0,424,103471
1690704741531593118,/faas.Executor/Execute&184,workload-6018511990526503808,0,1664357,50000,185,0,296,40774
1690704741531595934,/faas.Executor/Execute&695,workload-1905979099152079636,0,1665242,50000,123,0,614,42061
1690704741531664031,/faas.Executor/Execute&101,workload-1236092554622979709,1,1680696,50000,270,0,499,24484
1690704741531673429,/faas.Executor/Execute&515,workload-8853500756715619437,0,1670566,50000,307,0,464,31239
1690704741531743530,/faas.Executor/Execute&352,workload-4947106849770012126,0,1770523,50000,29,0,976,257
1690704741531753328,/faas.Executor/Execute&475,workload-5270506024592485133,0,1673323,50000,92,0,258,98670
1690704741531757827,/faas.Executor/Execute&514,workload-735241745491801,0,1665842,50000,33,0,442,42222
1690704741531813281,/faas.Executor/Execute&37,workload-3205366975130084373,0,1659271,50000,62,0,428,112867
1690704741531848968,/faas.Executor/Execute&269,workload-4028352234664049658,0,1672765,50000,93,0,507,99111
1690704741531914580,/faas.Executor/Execute&584,workload-2774254709055447832,0,1671010,50000,149,0,298,31301
1690704741531942523,/faas.Executor/Execute&183,workload-7995522194917384006,1,1771708,50000,114,0,373,218
1690704741532003497,/faas.Executor/Execute&638,workload-6688447577519465165,0,1667976,50000,63,0,426,99270
1690704741532023715,/faas.Executor/Execute&588,workload-7896733527410498507,0,1768159,50000,23,0,265,5230
1690704741532027392,/faas.Executor/Execute&329,workload-6615606808912974832,0,1675938,50000,56,0,345,32198
1690704741532106390,/faas.Executor/Execute&721,workload-5073079544797622125,0,1701279,50000,38,0,303,72624
1690704741532321122,/faas.Executor/Execute&606,workload-9045200294787030509,0,1671999,50000,22,0,383,106260
1690704741532335799,/faas.Executor/Execute&63,workload-567794135425178090,0,1674811,50000,28,0,375,31415
1690704741532339226,/faas.Executor/Execute&718,workload-1097342282593199357,0,1770147,50000,78,0,482,8887
1690704741532501580,/faas.Executor/Execute&433,workload-8628219566001655719,0,1678022,50000,42,0,265,34259
1690704741532586348,/faas.Executor/Execute&298,workload-5460158592362330864,0,1674208,50000,23,0,496,98038
1690704741532724477,/faas.Executor/Execute&291,workload-8046661840709665510,1,1660059,50000,34,0,317,113130
1690704741532733083,/faas.Executor/Execute&241,workload-9047965236107316741,0,1704069,50000,20,0,306,219
1690704741532736279,/faas.Executor/Execute&623,workload-7497454536633723220,0,1663014,50000,42,0,416,105120
1690704741532796903,/faas.Executor/Execute&199,workload-6666917600309954267,0,1674354,50000,32,0,248,31535
1690704741532998160,/faas.Executor/Execute&245,workload-599465647820275513,0,1673655,50000,90,0,364,31755
1690704741533013148,/faas.Executor/Execute&571,workload-9123176586849752850,0,1771802,50000,43,0,330,1838
1690704741533075354,/faas.Executor/Execute&193,workload-1914820623788327348,0,1692648,50000,22,0,375,81637
1690704741533089330,/faas.Executor/Execute&417,workload-4101177612465801259,0,1692198,50000,183,0,249,81839
1690704741533092837,/faas.Executor/Execute&567,workload-5644661429214221972,0,1676012,50000,107,0,333,34263
1690704741533143512,/faas.Executor/Execute&621,workload-712551853848411213,0,1680065,50000,24,0,379,94746
1690704741533276371,/faas.Executor/Execute&66,workload-1566090822706203392,0,1664095,50000,21,0,236,104913
1690704741607383418,/faas.Executor/Execute&624,workload-8951903720419853839,0,1844099,50000,22,0,530,7336
1690704741607417292,/faas.Executor/Execute&118,workload-7037047499735200649,0,1846230,50000,45,0,481,646
1690704741610155389,/faas.Executor/Execute&219,workload-7865757387307644913,0,1847624,50000,28,0,411,9737
1690704741617865999,/faas.Executor/Execute&307,workload-5463014838306359909,0,1769333,50000,24,0,348,22434
1690704741634666791,/faas.Executor/Execute&471,workload-9112155235225360665,0,1774022,50000,11,0,486,31173
1690704741635005235,/faas.Executor/Execute&326,workload-2058323794679374091,0,1785998,50000,32,0,403,22645
1690704741635104892,/faas.Executor/Execute&569,workload-2941965230949570259,0,1779563,50000,16,0,386,33051
1690704741635449697,/faas.Executor/Execute&504,workload-4488934465670008531,0,1777436,50000,33,0,476,31671
1690704741635527253,/faas.Executor/Execute&732,workload-3374740244942636442,0,1779586,50000,26,0,385,32160
1690704741636051895,/faas.Executor/Execute&401,workload-1496301664633911814,0,1780197,50000,16,0,344,32551
1690704741638921659,/faas.Executor/Execute&132,workload-1245812383442037455,0,1779019,50000,15,0,433,31522
1690704741638936607,/faas.Executor/Execute&673,workload-7658820864398849023,1,1770449,50000,17,0,454,108446
1690704741640523699,/faas.Executor/Execute&532,workload-2258777816743682400,0,1785425,50000,15,0,441,90436
1690704741640582059,/faas.Executor/Execute&327,workload-3627171705307448669,0,1776017,50000,47,0,422,99920
1690704741640590244,/faas.Executor/Execute&61,workload-8766957714428999283,0,1788479,50000,46,0,433,98940
1690704741640928908,/faas.Executor/Execute&221,workload-9219630472901880861,0,1778197,50000,13,0,433,103901
1690704741649732885,/faas.Executor/Execute&628,workload-7778935626569389891,0,1821344,50000,19,0,232,2457
1690704741657653348,/faas.Executor/Execute&323,workload-2264904957640415857,1,1785702,50000,14,0,479,112333
1690704741658025845,/faas.Executor/Execute&201,workload-8266099368750056712,0,1790748,50000,34,0,355,40904
1690704741660949981,/faas.Executor/Execute&59,workload-8191645447180371205,0,1792222,50000,22,0,469,109981
1690704741664724800,/faas.Executor/Execute&159,workload-5444885912293529168,0,1833715,50000,25,0,473,77736
1690704741669456641,/faas.Executor/Execute&600,workload-160763343314451059,0,1908155,50000,22,0,414,1273
1690704741669465598,/faas.Executor/Execute&703,workload-2477886010147617461,0,1812740,50000,31,0,404,31997
1690704741669469525,/faas.Executor/Execute&25,workload-5578289311539326682,1,1818409,50000,90,0,348,91065
1690704741669932422,/faas.Executor/Execute&526,workload-7112548719404206681,0,1802607,50000,31,0,335,107472
1690704741670079177,/faas.Executor/Execute&232,workload-2040584602109355669,0,1803779,50000,19,0,467,41996
1690704741671832941,/faas.Executor/Execute&292,workload-109633566479871859,0,1906636,50000,22,0,404,512
1690704741676604006,/faas.Executor/Execute&182,workload-890448420576118097,0,1806368,50000,17,0,393,48595
1690704741679640362,/faas.Executor/Execute&114,workload-4476811324071306411,0,1814838,50000,15,0,414,100142
1690704741681378016,/faas.Executor/Execute&505,workload-2845256106696185604,0,1814843,50000,14,0,206,107321
1690704741681559055,/faas.Executor/Execute&722,workload-8173064824149952232,1,1818205,50000,14,0,305,104172
1690704741683241516,/faas.Executor/Execute&204,workload-1237980703423431374,0,1850981,50000,23,0,353,73654
1690704741690887113,/faas.Executor/Execute&553,workload-5076957788916210025,0,1825113,50000,15,0,316,42742
1690704741692566188,/faas.Executor/Execute&277,workload-7751814875429268524,0,1836811,50000,17,0,413,33306
1690704741697237275,/faas.Executor/Execute&378,workload-7646771927410484806,0,1825506,50000,12,0,664,47666
1690704741697278082,/faas.Executor/Execute&351,workload-5224765860109694602,0,1859110,50000,45,0,668,10781
1690704741697292298,/faas.Executor/Execute&583,workload-8609617903166578751,1,1832169,50000,12,0,782,100206
1690704741697297438,/faas.Executor/Execute&731,workload-510449247711327668,0,1834294,50000,42,0,729,104066
1690704741697590146,/faas.Executor/Execute&658,workload-4041558803989367764,0,1843536,50000,18,0,228,89599
1690704741697835866,/faas.Executor/Execute&618,workload-8838062401762684432,1,1836583,50000,39,0,423,107558
1690704741698073291,/faas.Executor/Execute&404,workload-8827317489769858365,0,1834492,50000,20,0,298,104460
1690704741698719271,/faas.Executor/Execute&207,workload-4883320162851886725,0,1834203,50000,16,0,333,100045
1690704741702376720,/faas.Executor/Execute&547,workload-3876798762051161647,0,1872823,50000,62,0,280,86
1690704741777059466,/faas.Executor/Execute&450,workload-1002361730326451038,0,1921320,50000,41,0,317,32779
1690704741989020178,/faas.Executor/Execute&573,workload-8187418633739445550,0,2129048,50000,47,0,582,32005
1690704742034109857,/faas.Executor/Execute&786,workload-207771116597242601,1,2174539,50000,66,0,509,99658
1690704742040254473,/faas.Executor/Execute&432,workload-3021438239566228154,0,2171103,50000,25,0,600,42180
1690704742299265226,/faas.Executor/Execute&424,workload-5182004152430255463,0,2536750,50000,22,0,445,6290
1690704742335468493,/faas.Executor/Execute&651,workload-2286577149691022522,0,2474323,50000,25,0,461,31780
1690704742426716001,/faas.Executor/Execute&247,workload-7857291794510988049,1,2590015,50000,43,0,650,11188
1690704742440648161,/faas.Executor/Execute&562,workload-6216673740690779345,1,2584943,50000,29,0,447,33695
1690704742684198852,/faas.Executor/Execute&596,workload-4015030071333731290,0,2844520,50000,51,0,445,79087
1690704742684218258,/faas.Executor/Execute&485,workload-2792038957312707487,0,2815273,50000,49,0,531,108928
1690704742751604772,/faas.Executor/Execute&725,workload-4538270590371705327,0,2891141,50000,38,0,443,100753
1690704742858257889,/faas.Executor/Execute&346,workload-2404048297589527290,0,3030009,50000,23,0,526,68223
1690704742871578955,/faas.Executor/Execute&729,workload-2235079005704485936,0,3034114,50000,41,0,697,77564
1690704742938552153,/faas.Executor/Execute&217,workload-2500671672726530986,0,3065006,50000,44,0,576,46897
1690704742938572802,/faas.Executor/Execute&35,workload-5048559648472136808,0,3067470,50000,65,0,540,49310
1690704742938602167,/faas.Executor/Execute&502,workload-8239779088573745474,0,3083722,50000,93,0,501,90208
1690704743138517514,/faas.Executor/Execute&739,workload-4992721719474453117,0,3273112,50000,24,0,418,43466
1690704743174706865,/faas.Executor/Execute&533,workload-49901897424431898,0,3319868,50000,27,0,567,90246
1690704743288354792,/faas.Executor/Execute&631,workload-2205966941265259199,0,3459323,50000,26,0,433,740
1690704743557340425,/faas.Executor/Execute&210,workload-5416475173932890427,0,3699503,50000,32,0,429,32203
1690704743788804964,/faas.Executor/Execute&373,workload-8856178544074738061,0,3923950,50000,44,0,472,100055
1690704744530889284,/faas.Executor/Execute&397,workload-2711289298862566234,0,4711178,50000,16,0,370,1930
1690704745377369316,/faas.Executor/Execute&453,workload-8912456789336486394,0,5503198,50000,26,0,320,47585
1690704745457367277,/faas.Executor/Execute&790,workload-111285110003080695,0,5589626,50000,29,0,313,107576
1690704745493736826,/faas.Executor/Execute&354,workload-4015578523456493133,0,5634323,50000,26,0,430,32588
1690704745505805467,/faas.Executor/Execute&747,workload-8779883906537030638,0,5652093,50000,33,0,560,95125
1690704745912382600,/faas.Executor/Execute&757,workload-2921290118444875891,0,6039335,50000,26,0,345,46712
1690704745923303801,/faas.Executor/Execute&434,workload-5713803444475098208,0,6054069,50000,27,0,430,109903
1690704745926998330,/faas.Executor/Execute&336,workload-7541970208409410545,0,6054667,50000,23,0,340,53257
1690704745946505821,/faas.Executor/Execute&611,workload-7660926893584672334,0,6095031,50000,49,0,472,21783
1690704746695501401,/faas.Executor/Execute&522,workload-5447827725638253976,0,6832832,50000,41,0,415,103356
1690704746695740538,/faas.Executor/Execute&71,workload-6481584765840248757,0,6868228,50000,23,0,673,511
1690704746717162014,/faas.Executor/Execute&780,workload-918841795452621048,0,6857849,50000,26,0,328,99729
1690704746717183264,/faas.Executor/Execute&574,workload-6982651365197486387,0,6864706,50000,19,0,377,98635
1690704746853635107,/faas.Executor/Execute&13,workload-8972404326713630652,0,6999488,50000,27,0,359,94815
1690704746858482624,/faas.Executor/Execute&634,workload-7359980494854529643,0,7018900,50000,25,0,350,85761
1690704746858496921,/faas.Executor/Execute&6,workload-7637302228188364218,0,6987949,50000,23,0,427,50303
1690704747001849066,/faas.Executor/Execute&741,workload-6545939775646724644,0,7166081,50000,25,0,353,12450
1690704747001957619,/faas.Executor/Execute&90,workload-8709390541345275133,0,7147313,50000,43,0,382,89950
1690704747001971265,/faas.Executor/Execute&492,workload-5324777751278391826,0,7239630,50000,44,0,405,5910
1690704747019099510,/faas.Executor/Execute&130,workload-6474449797980012578,0,7189247,50000,41,0,412,69476
1690704748181656610,/faas.Executor/Execute&396,workload-1225455769089974065,0,8310353,50000,36,0,398,48024
1690704748181674393,/faas.Executor/Execute&246,workload-8778965317338181205,0,8354871,50000,74,0,376,620
